"Time","Amount","Legend","DrugMass","NormalizedAmount"
0,0,"Raltegravir - Lumen",112.50712451366,0
0.05,22.4626642769779,"Raltegravir - Lumen",112.50712451366,0.199655482922333
0.1,22.4051110147771,"Raltegravir - Lumen",112.50712451366,0.199143930765529
0.15,21.4687803590967,"Raltegravir - Lumen",112.50712451366,0.190821518654049
0.2,19.9975885428221,"Raltegravir - Lumen",112.50712451366,0.177745086182468
0.25,18.2113490912059,"Raltegravir - Lumen",112.50712451366,0.161868407622442
0.3,16.2830759064826,"Raltegravir - Lumen",112.50712451366,0.144729286939562
0.35,14.3446805914515,"Raltegravir - Lumen",112.50712451366,0.127500197462694
0.4,12.4897858987145,"Raltegravir - Lumen",112.50712451366,0.111013288737978
0.45,10.7782945774989,"Raltegravir - Lumen",112.50712451366,0.0958009959288428
0.5,9.24257405315883,"Raltegravir - Lumen",112.50712451366,0.082151011263617
0.55,7.89414691202082,"Raltegravir - Lumen",112.50712451366,0.0701657512459343
0.6,6.73000679375684,"Raltegravir - Lumen",112.50712451366,0.0598184943651256
0.65,5.738010899764,"Raltegravir - Lumen",112.50712451366,0.0510013114686557
0.7,4.90106817064382,"Raltegravir - Lumen",112.50712451366,0.0435622916489059
0.75,4.20013109749309,"Raltegravir - Lumen",112.50712451366,0.0373321344372564
0.8,3.61617580041387,"Raltegravir - Lumen",112.50712451366,0.0321417493873894
0.85,3.13138008490338,"Raltegravir - Lumen",112.50712451366,0.0278327270245289
0.9,2.72972787112339,"Raltegravir - Lumen",112.50712451366,0.0242627112098307
0.95,2.39723795621822,"Raltegravir - Lumen",112.50712451366,0.0213074324544413
1,2.12196284026372,"Raltegravir - Lumen",112.50712451366,0.0188606974841499
1.05,1.89384029780114,"Raltegravir - Lumen",112.50712451366,0.0168330699587937
1.1,1.70446246829971,"Raltegravir - Lumen",112.50712451366,0.0151498180730124
1.15,1.5468760783326,"Raltegravir - Lumen",112.50712451366,0.0137491388658217
1.2,1.41536619665752,"Raltegravir - Lumen",112.50712451366,0.0125802361652721
1.25,1.30525000526587,"Raltegravir - Lumen",112.50712451366,0.0116014875583047
1.3,1.21269637434635,"Raltegravir - Lumen",112.50712451366,0.0107788407142084
1.35,1.13457649253877,"Raltegravir - Lumen",112.50712451366,0.0100844857376212
1.4,1.06833907852501,"Raltegravir - Lumen",112.50712451366,0.00949574600846992
1.45,1.0119028013622,"Raltegravir - Lumen",112.50712451366,0.00899412197882051
1.5,0.963567672614204,"Raltegravir - Lumen",112.50712451366,0.00856450359725631
1.55,0.92194465168766,"Raltegravir - Lumen",112.50712451366,0.00819454461815637
1.6,0.885897916737065,"Raltegravir - Lumen",112.50712451366,0.00787414948667989
1.65,0.854496838057216,"Raltegravir - Lumen",112.50712451366,0.00759504646262174
1.7,0.826978813946525,"Raltegravir - Lumen",112.50712451366,0.00735045729345006
1.75,0.802716565302731,"Raltegravir - Lumen",112.50712451366,0.00713480651801096
1.8,0.78119192892575,"Raltegravir - Lumen",112.50712451366,0.0069434885328609
1.85,0.761978897417777,"Raltegravir - Lumen",112.50712451366,0.00677271684536976
1.9,0.744721941263379,"Raltegravir - Lumen",112.50712451366,0.00661933139330176
1.95,0.729130649642002,"Raltegravir - Lumen",112.50712451366,0.0064807509106099
2,0.7149624442564,"Raltegravir - Lumen",112.50712451366,0.00635481928230771
2.25,0.659471654250865,"Raltegravir - Lumen",112.50712451366,0.00586159905074097
2.5,0.619944095377946,"Raltegravir - Lumen",112.50712451366,0.00551026522149428
2.75,0.5894317030004,"Raltegravir - Lumen",112.50712451366,0.00523906113100274
3,0.564727287801588,"Raltegravir - Lumen",112.50712451366,0.00501948023507634
3.25,0.544197747655517,"Raltegravir - Lumen",112.50712451366,0.00483700698962797
3.5,0.526911687044958,"Raltegravir - Lumen",112.50712451366,0.00468336284766556
3.75,0.512274165545932,"Raltegravir - Lumen",112.50712451366,0.00455325978475021
4,0.499862222878619,"Raltegravir - Lumen",112.50712451366,0.00444293839202982
4.25,0.489349488542757,"Raltegravir - Lumen",112.50712451366,0.00434949778210129
4.5,0.480468782548087,"Raltegravir - Lumen",112.50712451366,0.00427056317211051
4.75,0.472991649822688,"Raltegravir - Lumen",112.50712451366,0.0042041039789019
5,0.466716503664429,"Raltegravir - Lumen",112.50712451366,0.00414832843414964
5.25,0.461463548993379,"Raltegravir - Lumen",112.50712451366,0.00410163846057012
5.5,0.457070544103772,"Raltegravir - Lumen",112.50712451366,0.0040625920009917
5.75,0.453390120772383,"Raltegravir - Lumen",112.50712451366,0.00402987919860431
6,0.450288815065505,"Raltegravir - Lumen",112.50712451366,0.00400231378245592
6.25,0.447645853606446,"Raltegravir - Lumen",112.50712451366,0.00397882227940236
6.5,0.445352411598833,"Raltegravir - Lumen",112.50712451366,0.00395843741917661
6.75,0.443311101406834,"Raltegravir - Lumen",112.50712451366,0.003940293588723
7,0.441435428918339,"Raltegravir - Lumen",112.50712451366,0.00392362200017603
7.25,0.439649218741124,"Raltegravir - Lumen",112.50712451366,0.00390774558181642
7.5,0.437886049084227,"Raltegravir - Lumen",112.50712451366,0.00389207395511261
7.75,0.436088686023595,"Raltegravir - Lumen",112.50712451366,0.00387609840628936
8,0.434208564362507,"Raltegravir - Lumen",112.50712451366,0.00385938727204594
8.25,0.432205066521192,"Raltegravir - Lumen",112.50712451366,0.00384157953009204
8.5,0.430044960734449,"Raltegravir - Lumen",112.50712451366,0.00382237980566498
8.75,0.42770186704206,"Raltegravir - Lumen",112.50712451366,0.00380155362507849
9,0.425155529756694,"Raltegravir - Lumen",112.50712451366,0.00377892094918019
9.25,0.422391239140211,"Raltegravir - Lumen",112.50712451366,0.00375435103302215
9.5,0.419399268364259,"Raltegravir - Lumen",112.50712451366,0.00372775742138302
9.75,0.416174284444253,"Raltegravir - Lumen",112.50712451366,0.00369909271295725
10,0.412714912897854,"Raltegravir - Lumen",112.50712451366,0.00366834469089773
10.25,0.409023007522734,"Raltegravir - Lumen",112.50712451366,0.00363552983236251
10.5,0.405103480466863,"Raltegravir - Lumen",112.50712451366,0.00360069179812411
10.75,0.400963511567824,"Raltegravir - Lumen",112.50712451366,0.00356389440491959
11,0.396612457534587,"Raltegravir - Lumen",112.50712451366,0.00352522081822857
11.25,0.392061314955711,"Raltegravir - Lumen",112.50712451366,0.00348476877931504
11.5,0.387322385676583,"Raltegravir - Lumen",112.50712451366,0.0034426476309912
11.75,0.382409030538021,"Raltegravir - Lumen",112.50712451366,0.00339897612876589
12,0.377335300745031,"Raltegravir - Lumen",112.50712451366,0.00335387916432988
12.25,0.37211579316763,"Raltegravir - Lumen",112.50712451366,0.00330748647942247
12.5,0.366765408428197,"Raltegravir - Lumen",112.50712451366,0.00325993051563296
12.75,0.361299127578437,"Raltegravir - Lumen",112.50712451366,0.00321134442943274
13,0.355731833189459,"Raltegravir - Lumen",112.50712451366,0.00316186050196553
13.25,0.350078266341937,"Raltegravir - Lumen",112.50712451366,0.00311160975676196
13.5,0.344352836239512,"Raltegravir - Lumen",112.50712451366,0.0030607202675214
13.75,0.338569494901551,"Raltegravir - Lumen",112.50712451366,0.00300931604434032
14,0.332741709293305,"Raltegravir - Lumen",112.50712451366,0.00295751678599613
14.25,0.326882421569615,"Raltegravir - Lumen",112.50712451366,0.00290543752658017
14.5,0.321003910564828,"Raltegravir - Lumen",112.50712451366,0.00285318740437504
14.75,0.315117819453303,"Raltegravir - Lumen",112.50712451366,0.0028008699077101
15,0.309235130215044,"Raltegravir - Lumen",112.50712451366,0.00274858264800376
15.25,0.303366094920121,"Raltegravir - Lumen",112.50712451366,0.00269641674899698
15.5,0.297520298372174,"Raltegravir - Lumen",112.50712451366,0.00264445740354915
15.75,0.291706613740514,"Raltegravir - Lumen",112.50712451366,0.00259278347928177
16,0.285933189502703,"Raltegravir - Lumen",112.50712451366,0.0025414674025198
16.25,0.280207547270416,"Raltegravir - Lumen",112.50712451366,0.00249057602779986
16.5,0.274536484324944,"Raltegravir - Lumen",112.50712451366,0.002440169771574
16.75,0.268926187067409,"Raltegravir - Lumen",112.50712451366,0.00239030362059211
17,0.263382206806958,"Raltegravir - Lumen",112.50712451366,0.00234102691669967
17.25,0.257909487122043,"Raltegravir - Lumen",112.50712451366,0.00229238360003352
17.5,0.252512416962988,"Raltegravir - Lumen",112.50712451366,0.00224441268101497
17.75,0.247194822434645,"Raltegravir - Lumen",112.50712451366,0.00219714816731124
18,0.241960046826296,"Raltegravir - Lumen",112.50712451366,0.00215061977516738
18.25,0.236810906107539,"Raltegravir - Lumen",112.50712451366,0.0021048525338392
18.5,0.231749792720122,"Raltegravir - Lumen",112.50712451366,0.00205986770812887
18.75,0.226778661782193,"Raltegravir - Lumen",112.50712451366,0.00201568267576387
19,0.22189908128792,"Raltegravir - Lumen",112.50712451366,0.00197231137358754
19.25,0.217112242797187,"Raltegravir - Lumen",112.50712451366,0.00192976439257255
19.5,0.212419008143009,"Raltegravir - Lumen",112.50712451366,0.00188804939297172
19.75,0.20781991548695,"Raltegravir - Lumen",112.50712451366,0.00184717115814046
20,0.203315223813275,"Raltegravir - Lumen",112.50712451366,0.00180713199001535
20.25,0.198904937543541,"Raltegravir - Lumen",112.50712451366,0.00176793192789663
20.5,0.194588810004364,"Raltegravir - Lumen",112.50712451366,0.00172956877927084
20.75,0.190366398590047,"Raltegravir - Lumen",112.50712451366,0.00169203861011427
21,0.186237041681917,"Raltegravir - Lumen",112.50712451366,0.00165533553974447
21.25,0.182199923249368,"Raltegravir - Lumen",112.50712451366,0.00161945231501536
21.5,0.178254084420177,"Raltegravir - Lumen",112.50712451366,0.00158438041315805
21.75,0.174398399639285,"Raltegravir - Lumen",112.50712451366,0.00155010982987224
22,0.170631649178995,"Raltegravir - Lumen",112.50712451366,0.00151662972382054
22.25,0.166952494656317,"Raltegravir - Lumen",112.50712451366,0.0014839281990186
22.5,0.163359518192175,"Raltegravir - Lumen",112.50712451366,0.00145199265289498
22.75,0.159851228123437,"Raltegravir - Lumen",112.50712451366,0.00142080982706148
23,0.156426042837381,"Raltegravir - Lumen",112.50712451366,0.00139036566362861
23.25,0.153082384610984,"Raltegravir - Lumen",112.50712451366,0.00136064613927981
23.5,0.149818566806353,"Raltegravir - Lumen",112.50712451366,0.00133163626262765
23.75,0.14663291746562,"Raltegravir - Lumen",112.50712451366,0.00130332117276552
24,0.143523729642941,"Raltegravir - Lumen",112.50712451366,0.00127568569780232
24.25,0.140489262816592,"Raltegravir - Lumen",112.50712451366,0.00124871436741355
24.5,0.137527796085626,"Raltegravir - Lumen",112.50712451366,0.00122239188567056
24.75,0.13463758400502,"Raltegravir - Lumen",112.50712451366,0.001196702738489
25,0.131816905547353,"Raltegravir - Lumen",112.50712451366,0.00117163162881609
25.25,0.129064012477272,"Raltegravir - Lumen",112.50712451366,0.00114716301776606
25.5,0.126377215755579,"Raltegravir - Lumen",112.50712451366,0.00112328189260792
25.75,0.123754808401119,"Raltegravir - Lumen",112.50712451366,0.00109997308113668
26,0.121195113257051,"Raltegravir - Lumen",112.50712451366,0.00107722167623559
26.25,0.118696490648966,"Raltegravir - Lumen",112.50712451366,0.00105501310394396
26.5,0.116257307783336,"Raltegravir - Lumen",112.50712451366,0.00103333285146063
26.75,0.113875973302595,"Raltegravir - Lumen",112.50712451366,0.00101216677428076
27,0.111550917423575,"Raltegravir - Lumen",112.50712451366,0.000991500919659817
27.25,0.109280609555333,"Raltegravir - Lumen",112.50712451366,0.000971321683206515
27.5,0.107063549774537,"Raltegravir - Lumen",112.50712451366,0.000951615733113309
27.75,0.104898274582173,"Raltegravir - Lumen",112.50712451366,0.000932370061323864
28,0.102783347565453,"Raltegravir - Lumen",112.50712451366,0.000913571900533057
28.25,0.100717375019973,"Raltegravir - Lumen",112.50712451366,0.000895208863041773
28.5,0.0986989994630439,"Raltegravir - Lumen",112.50712451366,0.000877268883101359
28.75,0.0967268969684377,"Raltegravir - Lumen",112.50712451366,0.000859740193223886
29,0.0947997842916517,"Raltegravir - Lumen",112.50712451366,0.000842611387513879
29.25,0.0929164064278461,"Raltegravir - Lumen",112.50712451366,0.000825871311079191
29.5,0.0910755550938371,"Raltegravir - Lumen",112.50712451366,0.000809509224304985
29.75,0.0892760390840214,"Raltegravir - Lumen",112.50712451366,0.000793514539367524
30,0.0875167247020146,"Raltegravir - Lumen",112.50712451366,0.000777877179603758
30.25,0.0857965020973063,"Raltegravir - Lumen",112.50712451366,0.000762587280300542
30.5,0.0841142932268162,"Raltegravir - Lumen",112.50712451366,0.000747635259459535
30.75,0.082469054034871,"Raltegravir - Lumen",112.50712451366,0.000733011837173549
31,0.080859780252534,"Raltegravir - Lumen",112.50712451366,0.000718708087172884
31.25,0.0792854891892112,"Raltegravir - Lumen",112.50712451366,0.000704715274983185
31.5,0.0777452418370275,"Raltegravir - Lumen",112.50712451366,0.000691025054396339
31.75,0.0762381144631575,"Raltegravir - Lumen",112.50712451366,0.000677629214973859
32,0.0747632298357279,"Raltegravir - Lumen",112.50712451366,0.000664519959592876
0,0,"Raltegravir - Plasma",112.50712451366,0
0.05,0.181416137200978,"Raltegravir - Plasma",112.50712451366,0.00161248576910302
0.1,0.832410252276882,"Raltegravir - Plasma",112.50712451366,0.00739873368797917
0.15,1.88695257189,"Raltegravir - Plasma",112.50712451366,0.0167718496054968
0.2,3.26734070762837,"Raltegravir - Plasma",112.50712451366,0.0290411893624717
0.25,4.85988430015357,"Raltegravir - Plasma",112.50712451366,0.0431962359820468
0.3,6.54740888255766,"Raltegravir - Plasma",112.50712451366,0.0581955046034682
0.35,8.23129166058766,"Raltegravir - Plasma",112.50712451366,0.0731624036803845
0.4,9.83853544272052,"Raltegravir - Plasma",112.50712451366,0.0874481103774543
0.45,11.321595579873,"Raltegravir - Plasma",112.50712451366,0.100630032354071
0.5,12.6547385439655,"Raltegravir - Plasma",112.50712451366,0.112479441623531
0.55,13.8291017389143,"Raltegravir - Plasma",112.50712451366,0.122917564542637
0.6,14.8477260263688,"Raltegravir - Plasma",112.50712451366,0.13197142928105
0.65,15.7211332147053,"Raltegravir - Plasma",112.50712451366,0.139734557101729
0.7,16.4638743135186,"Raltegravir - Plasma",112.50712451366,0.146336282121579
0.75,17.0920409412611,"Raltegravir - Plasma",112.50712451366,0.151919631891275
0.8,17.6216368056365,"Raltegravir - Plasma",112.50712451366,0.156626852582095
0.85,18.0675979653534,"Raltegravir - Plasma",112.50712451366,0.160590700752998
0.9,18.4433210756302,"Raltegravir - Plasma",112.50712451366,0.163930250242872
0.95,18.7604732061689,"Raltegravir - Plasma",112.50712451366,0.166749201770694
1,19.0290096570089,"Raltegravir - Plasma",112.50712451366,0.169136041288644
1.05,19.2573157133481,"Raltegravir - Plasma",112.50712451366,0.17116529994516
1.1,19.4523846490888,"Raltegravir - Plasma",112.50712451366,0.172899136238496
1.15,19.6200119503887,"Raltegravir - Plasma",112.50712451366,0.174389062338951
1.2,19.7649569724983,"Raltegravir - Plasma",112.50712451366,0.175677380947538
1.25,19.891131392749,"Raltegravir - Plasma",112.50712451366,0.176798860327587
1.3,20.0017399207612,"Raltegravir - Plasma",112.50712451366,0.17778198498294
1.35,20.0994018460559,"Raltegravir - Plasma",112.50712451366,0.178650036012747
1.4,20.1862689284346,"Raltegravir - Plasma",112.50712451366,0.179422138959598
1.45,20.264097612093,"Raltegravir - Plasma",112.50712451366,0.180113905672104
1.5,20.3343288428102,"Raltegravir - Plasma",112.50712451366,0.1807381437461
1.55,20.3981488727446,"Raltegravir - Plasma",112.50712451366,0.181305396977487
1.6,20.4565329738202,"Raltegravir - Plasma",112.50712451366,0.181824333901063
1.65,20.5102853499815,"Raltegravir - Plasma",112.50712451366,0.18230210254366
1.7,20.5600714440356,"Raltegravir - Plasma",112.50712451366,0.182744617577879
1.75,20.6064407356892,"Raltegravir - Plasma",112.50712451366,0.183156762958485
1.8,20.6498571884515,"Raltegravir - Plasma",112.50712451366,0.183542662544401
1.85,20.6906991491133,"Raltegravir - Plasma",112.50712451366,0.183905679205241
1.9,20.7292918693761,"Raltegravir - Plasma",112.50712451366,0.184248703884164
1.95,20.7659015230729,"Raltegravir - Plasma",112.50712451366,0.184574102420968
2,20.8007563461331,"Raltegravir - Plasma",112.50712451366,0.184883903450999
2.25,20.9544993017877,"Raltegravir - Plasma",112.50712451366,0.186250420961061
2.5,21.0838298819171,"Raltegravir - Plasma",112.50712451366,0.187399953319021
2.75,21.1965398529907,"Raltegravir - Plasma",112.50712451366,0.188401756285373
3,21.2968454047993,"Raltegravir - Plasma",112.50712451366,0.189293304729458
3.25,21.3873057323331,"Raltegravir - Plasma",112.50712451366,0.190097345610645
3.5,21.4696350900321,"Raltegravir - Plasma",112.50712451366,0.190829115781244
3.75,21.5450832719939,"Raltegravir - Plasma",112.50712451366,0.191499723818628
4,21.614606827176,"Raltegravir - Plasma",112.50712451366,0.192117671841766
4.25,21.6789737559988,"Raltegravir - Plasma",112.50712451366,0.192689786088762
4.5,21.7388168113635,"Raltegravir - Plasma",112.50712451366,0.19322169067368
4.75,21.7946677704135,"Raltegravir - Plasma",112.50712451366,0.193718112205129
5,21.8469879152125,"Raltegravir - Plasma",112.50712451366,0.194183150708469
5.25,21.8961718291246,"Raltegravir - Plasma",112.50712451366,0.194620313369275
5.5,21.9425683609307,"Raltegravir - Plasma",112.50712451366,0.195032700869238
5.75,21.9864825222957,"Raltegravir - Plasma",112.50712451366,0.195423024251467
6,22.0281850180192,"Raltegravir - Plasma",112.50712451366,0.195793689628471
6.25,22.0679198699342,"Raltegravir - Plasma",112.50712451366,0.196146865945853
6.5,22.1058967838125,"Raltegravir - Plasma",112.50712451366,0.196484417136877
6.75,22.1423083127605,"Raltegravir - Plasma",112.50712451366,0.196808054676325
7,22.1773241332419,"Raltegravir - Plasma",112.50712451366,0.197119286703922
7.25,22.2110910435144,"Raltegravir - Plasma",112.50712451366,0.197419418010436
7.5,22.2437463130506,"Raltegravir - Plasma",112.50712451366,0.197709668691691
7.75,22.2754062375382,"Raltegravir - Plasma",112.50712451366,0.197991072421673
8,22.306171860679,"Raltegravir - Plasma",112.50712451366,0.198264527309741
8.25,22.3361366025159,"Raltegravir - Plasma",112.50712451366,0.198530863703694
8.5,22.3653805363517,"Raltegravir - Plasma",112.50712451366,0.198790793321149
8.75,22.3939722958531,"Raltegravir - Plasma",112.50712451366,0.199044926200511
9,22.4219709821406,"Raltegravir - Plasma",112.50712451366,0.199293787651805
9.25,22.4494299778452,"Raltegravir - Plasma",112.50712451366,0.199537852157261
9.5,22.4763950392974,"Raltegravir - Plasma",112.50712451366,0.199777526414058
9.75,22.5029023889023,"Raltegravir - Plasma",112.50712451366,0.200013132378743
10,22.5289844370267,"Raltegravir - Plasma",112.50712451366,0.20024495812522
10.25,22.5546678742492,"Raltegravir - Plasma",112.50712451366,0.200473240888054
10.5,22.5799774857845,"Raltegravir - Plasma",112.50712451366,0.200698200966313
10.75,22.6049304292374,"Raltegravir - Plasma",112.50712451366,0.200919990862382
11,22.629541956467,"Raltegravir - Plasma",112.50712451366,0.201138746139757
11.25,22.6538254134071,"Raltegravir - Plasma",112.50712451366,0.201354585421447
11.5,22.6777884251259,"Raltegravir - Plasma",112.50712451366,0.201567576481545
11.75,22.7014405251256,"Raltegravir - Plasma",112.50712451366,0.201777804056928
12,22.7247874331204,"Raltegravir - Plasma",112.50712451366,0.201985318986277
12.25,22.7478310549541,"Raltegravir - Plasma",112.50712451366,0.202190138209356
12.5,22.7705790191794,"Raltegravir - Plasma",112.50712451366,0.202392329531227
12.75,22.7930294181859,"Raltegravir - Plasma",112.50712451366,0.202591875996427
13,22.8151860668854,"Raltegravir - Plasma",112.50712451366,0.202788811513135
13.25,22.837048965906,"Raltegravir - Plasma",112.50712451366,0.202983136086936
13.5,22.8586162088501,"Raltegravir - Plasma",112.50712451366,0.203174832773143
13.75,22.8798897042872,"Raltegravir - Plasma",112.50712451366,0.203363918535748
14,22.9008694536307,"Raltegravir - Plasma",112.50712451366,0.203550393387311
14.25,22.9215554584561,"Raltegravir - Plasma",112.50712451366,0.203734257341837
14.5,22.9419458131005,"Raltegravir - Plasma",112.50712451366,0.203915493461172
14.75,22.9620405193236,"Raltegravir - Plasma",112.50712451366,0.204094101760958
15,22.9818376715733,"Raltegravir - Plasma",112.50712451366,0.204270065304024
15.25,23.0013410863552,"Raltegravir - Plasma",112.50712451366,0.204443418012719
15.5,23.020548858117,"Raltegravir - Plasma",112.50712451366,0.204614142949872
15.75,23.0394590812735,"Raltegravir - Plasma",112.50712451366,0.20478222317802
16,23.0580755722494,"Raltegravir - Plasma",112.50712451366,0.20494769261879
16.25,23.0763983326886,"Raltegravir - Plasma",112.50712451366,0.205110551286792
16.5,23.0944273641837,"Raltegravir - Plasma",112.50712451366,0.205270799196186
16.75,23.1121626682424,"Raltegravir - Plasma",112.50712451366,0.205428436360368
17,23.1296080609756,"Raltegravir - Plasma",112.50712451366,0.205583496698179
17.25,23.1467654510625,"Raltegravir - Plasma",112.50712451366,0.205735997174581
17.5,23.163634839741,"Raltegravir - Plasma",112.50712451366,0.205885937800576
17.75,23.1802181355011,"Raltegravir - Plasma",112.50712451366,0.206033335539446
18,23.1965210614399,"Raltegravir - Plasma",112.50712451366,0.206178241259944
18.25,23.2125417111659,"Raltegravir - Plasma",112.50712451366,0.20632063801744
18.5,23.2282877149359,"Raltegravir - Plasma",112.50712451366,0.206460593632145
18.75,23.243757166173,"Raltegravir - Plasma",112.50712451366,0.206598091157782
19,23.2589557876218,"Raltegravir - Plasma",112.50712451366,0.206733181459969
19.25,23.2738854872332,"Raltegravir - Plasma",112.50712451366,0.206865881497197
19.5,23.2885519875796,"Raltegravir - Plasma",112.50712451366,0.206996242133556
19.75,23.3029552891164,"Raltegravir - Plasma",112.50712451366,0.207124263373091
20,23.3171030216162,"Raltegravir - Plasma",112.50712451366,0.20725001303171
20.25,23.3309951853967,"Raltegravir - Plasma",112.50712451366,0.207373491112236
20.5,23.3446375027511,"Raltegravir - Plasma",112.50712451366,0.207494748476278
20.75,23.3580337885744,"Raltegravir - Plasma",112.50712451366,0.207613819031864
21,23.3711859503511,"Raltegravir - Plasma",112.50712451366,0.207730719733341
21.25,23.3840997102157,"Raltegravir - Plasma",112.50712451366,0.207845501440903
21.5,23.3967788829062,"Raltegravir - Plasma",112.50712451366,0.207958198061186
21.75,23.4092253757724,"Raltegravir - Plasma",112.50712451366,0.208068826547337
22,23.4214468181678,"Raltegravir - Plasma",112.50712451366,0.208177454711538
22.25,23.43344321002,"Raltegravir - Plasma",112.50712451366,0.208284082553144
22.5,23.4452221806181,"Raltegravir - Plasma",112.50712451366,0.208388777883765
22.75,23.4567837298222,"Raltegravir - Plasma",112.50712451366,0.208491540702155
23,23.4681354868723,"Raltegravir - Plasma",112.50712451366,0.20859243881949
23.25,23.4792774515816,"Raltegravir - Plasma",112.50712451366,0.208691472234106
23.5,23.4902172531455,"Raltegravir - Plasma",112.50712451366,0.208788708756782
23.75,23.5009548913403,"Raltegravir - Plasma",112.50712451366,0.208884148385527
24,23.5114979953263,"Raltegravir - Plasma",112.50712451366,0.208977858930807
24.25,23.5218484722067,"Raltegravir - Plasma",112.50712451366,0.209069857343575
24.5,23.5320082290697,"Raltegravir - Plasma",112.50712451366,0.209160160574654
24.75,23.5419848950427,"Raltegravir - Plasma",112.50712451366,0.209248836434216
25,23.5517784698527,"Raltegravir - Plasma",112.50712451366,0.209335884919832
25.25,23.561392767913,"Raltegravir - Plasma",112.50712451366,0.209421339935253
25.5,23.5708316036407,"Raltegravir - Plasma",112.50712451366,0.209505235384262
25.75,23.5801006987938,"Raltegravir - Plasma",112.50712451366,0.209587622123707
26,23.5892000530803,"Raltegravir - Plasma",112.50712451366,0.209668500150995
26.25,23.5981353882594,"Raltegravir - Plasma",112.50712451366,0.209747920322986
26.5,23.6069086113906,"Raltegravir - Plasma",112.50712451366,0.209825899590247
26.75,23.6155216295337,"Raltegravir - Plasma",112.50712451366,0.209902454903347
27,23.6239801644492,"Raltegravir - Plasma",112.50712451366,0.209977637119158
27.25,23.6322861232031,"Raltegravir - Plasma",112.50712451366,0.210051463188305
27.5,23.6404414128635,"Raltegravir - Plasma",112.50712451366,0.210123950061431
27.75,23.6484498478521,"Raltegravir - Plasma",112.50712451366,0.21019513164236
28,23.6563152425937,"Raltegravir - Plasma",112.50712451366,0.210265041834942
28.25,23.6640395041698,"Raltegravir - Plasma",112.50712451366,0.210333697589939
28.5,23.6716245396652,"Raltegravir - Plasma",112.50712451366,0.210401115858144
28.75,23.6790722561736,"Raltegravir - Plasma",112.50712451366,0.210467313590426
29,23.6863883754883,"Raltegravir - Plasma",112.50712451366,0.21053234164395
29.25,23.6935728973622,"Raltegravir - Plasma",112.50712451366,0.210596200016519
29.5,23.7006296362535,"Raltegravir - Plasma",112.50712451366,0.210658922612283
29.75,23.7075585919259,"Raltegravir - Plasma",112.50712451366,0.210720509429139
30,23.7143654861964,"Raltegravir - Plasma",112.50712451366,0.210781011324462
30.25,23.7210503188428,"Raltegravir - Plasma",112.50712451366,0.210840428296279
30.5,23.7276169043456,"Raltegravir - Plasma",112.50712451366,0.210898794248934
30.75,23.734067149841,"Raltegravir - Plasma",112.50712451366,0.210956126133678
31,23.7404010551251,"Raltegravir - Plasma",112.50712451366,0.211012423948696
31.25,23.7466224346942,"Raltegravir - Plasma",112.50712451366,0.211067721598475
31.5,23.7527351030531,"Raltegravir - Plasma",112.50712451366,0.21112205298758
31.75,23.7587390600129,"Raltegravir - Plasma",112.50712451366,0.211175418114328
32,23.7646343053901,"Raltegravir - Plasma",112.50712451366,0.211227816977091
0,0,"Raltegravir - BloodCells",112.50712451366,0
0.05,0.00358831749807718,"Raltegravir - BloodCells",112.50712451366,3.18941357144143e-05
0.1,0.031025794958759,"Raltegravir - BloodCells",112.50712451366,0.000275767380002607
0.15,0.0946474109159413,"Raltegravir - BloodCells",112.50712451366,0.000841257043276845
0.2,0.196286255088521,"Raltegravir - BloodCells",112.50712451366,0.00174465622454594
0.25,0.331092153679049,"Raltegravir - BloodCells",112.50712451366,0.00294285499794148
0.3,0.489981782857009,"Raltegravir - BloodCells",112.50712451366,0.00435511782009431
0.35,0.662461769144703,"Raltegravir - BloodCells",112.50712451366,0.00588817616669486
0.4,0.838707040913113,"Raltegravir - BloodCells",112.50712451366,0.00745470159813109
0.45,1.01070384143526,"Raltegravir - BloodCells",112.50712451366,0.0089834652321289
0.5,1.17264571627272,"Raltegravir - BloodCells",112.50712451366,0.0104228574087355
0.55,1.320862636943,"Raltegravir - BloodCells",112.50712451366,0.011740257718369
0.6,1.45351340052562,"Raltegravir - BloodCells",112.50712451366,0.0129193009492403
0.65,1.57015668857227,"Raltegravir - BloodCells",112.50712451366,0.0139560645191108
0.7,1.67133017146167,"Raltegravir - BloodCells",112.50712451366,0.0148553274175873
0.75,1.75818277707148,"Raltegravir - BloodCells",112.50712451366,0.0156273016901966
0.8,1.83218550993188,"Raltegravir - BloodCells",112.50712451366,0.0162850621047508
0.85,1.8949236846483,"Raltegravir - BloodCells",112.50712451366,0.0168426994542752
0.9,1.94795829450709,"Raltegravir - BloodCells",112.50712451366,0.017314088355983
0.95,1.99274328552154,"Raltegravir - BloodCells",112.50712451366,0.0177121519560265
1,2.03058097496902,"Raltegravir - BloodCells",112.50712451366,0.0180484656749225
1.05,2.06260881953613,"Raltegravir - BloodCells",112.50712451366,0.0183331395985123
1.1,2.08980406478115,"Raltegravir - BloodCells",112.50712451366,0.0185748598039
1.15,2.11299137396813,"Raltegravir - BloodCells",112.50712451366,0.0187809561670166
1.2,2.1328597548721,"Raltegravir - BloodCells",112.50712451366,0.0189575528135833
1.25,2.14998210950032,"Raltegravir - BloodCells",112.50712451366,0.0191097418834065
1.3,2.16483025381891,"Raltegravir - BloodCells",112.50712451366,0.0192417170306052
1.35,2.17779351366375,"Raltegravir - BloodCells",112.50712451366,0.0193569387101289
1.4,2.1891906451634,"Raltegravir - BloodCells",112.50712451366,0.0194582401303626
1.45,2.19928366265718,"Raltegravir - BloodCells",112.50712451366,0.019547950160171
1.5,2.20828713663415,"Raltegravir - BloodCells",112.50712451366,0.0196279759720109
1.55,2.21637677649936,"Raltegravir - BloodCells",112.50712451366,0.0196998793283555
1.6,2.22369729818732,"Raltegravir - BloodCells",112.50712451366,0.0197649465116081
1.65,2.23036790760578,"Raltegravir - BloodCells",112.50712451366,0.019824237062738
1.7,2.23648587676231,"Raltegravir - BloodCells",112.50712451366,0.0198786155670592
1.75,2.24213274253338,"Raltegravir - BloodCells",112.50712451366,0.0199288067509107
1.8,2.24737502182998,"Raltegravir - BloodCells",112.50712451366,0.019975401838282
1.85,2.25226850300423,"Raltegravir - BloodCells",112.50712451366,0.0200188966942336
1.9,2.25685991490023,"Raltegravir - BloodCells",112.50712451366,0.0200597066599655
1.95,2.26118740336943,"Raltegravir - BloodCells",112.50712451366,0.020098170788241
2,2.26528363089389,"Raltegravir - BloodCells",112.50712451366,0.0201345793938485
2.25,2.28311170063523,"Raltegravir - BloodCells",112.50712451366,0.0202930410896603
2.5,2.29787805396954,"Raltegravir - BloodCells",112.50712451366,0.0204242892519268
2.75,2.31063361445005,"Raltegravir - BloodCells",112.50712451366,0.0205376648317903
3,2.32192625614883,"Raltegravir - BloodCells",112.50712451366,0.0206380375126103
3.25,2.3320759308098,"Raltegravir - BloodCells",112.50712451366,0.0207282511297909
3.5,2.34129220500856,"Raltegravir - BloodCells",112.50712451366,0.0208101683793749
3.75,2.34972265778477,"Raltegravir - BloodCells",112.50712451366,0.0208851009919775
4,2.3574798213332,"Raltegravir - BloodCells",112.50712451366,0.0209540491904312
4.25,2.3646528632275,"Raltegravir - BloodCells",112.50712451366,0.0210178055251994
4.5,2.37131402357586,"Raltegravir - BloodCells",112.50712451366,0.0210770120899139
4.75,2.37752457539971,"Raltegravir - BloodCells",112.50712451366,0.0211322134991642
5,2.38333649351116,"Raltegravir - BloodCells",112.50712451366,0.0211838717220241
5.25,2.38879483867195,"Raltegravir - BloodCells",112.50712451366,0.0212323872732337
5.5,2.39393894966141,"Raltegravir - BloodCells",112.50712451366,0.0212781098086882
5.75,2.398803635355,"Raltegravir - BloodCells",112.50712451366,0.0213213487210203
6,2.40341917471415,"Raltegravir - BloodCells",112.50712451366,0.0213623731395104
6.25,2.40781274728932,"Raltegravir - BloodCells",112.50712451366,0.0214014246448631
6.5,2.41200843321425,"Raltegravir - BloodCells",112.50712451366,0.0214387172691575
6.75,2.41602792845749,"Raltegravir - BloodCells",112.50712451366,0.0214744438532348
7,2.41989006798197,"Raltegravir - BloodCells",112.50712451366,0.0215087718083859
7.25,2.42361177941699,"Raltegravir - BloodCells",112.50712451366,0.0215418515928983
7.5,2.42720832147341,"Raltegravir - BloodCells",112.50712451366,0.0215738188311684
7.75,2.4306925686865,"Raltegravir - BloodCells",112.50712451366,0.021604787956263
8,2.43407668034572,"Raltegravir - BloodCells",112.50712451366,0.0216348670439106
8.25,2.43737066998144,"Raltegravir - BloodCells",112.50712451366,0.0216641450976334
8.5,2.44058359745619,"Raltegravir - BloodCells",112.50712451366,0.0216927026444434
8.75,2.44372333054576,"Raltegravir - BloodCells",112.50712451366,0.0217206096156965
9,2.44679678335734,"Raltegravir - BloodCells",112.50712451366,0.0217479274662314
9.25,2.44980967791005,"Raltegravir - BloodCells",112.50712451366,0.0217747070552195
9.5,2.45276749780844,"Raltegravir - BloodCells",112.50712451366,0.0218009971227257
9.75,2.45567405773075,"Raltegravir - BloodCells",112.50712451366,0.0218268315748537
10,2.45853341077718,"Raltegravir - BloodCells",112.50712451366,0.0218522464368795
10.25,2.46134865637656,"Raltegravir - BloodCells",112.50712451366,0.0218772692575368
10.5,2.464122417123,"Raltegravir - BloodCells",112.50712451366,0.0219019233472972
10.75,2.46685660035712,"Raltegravir - BloodCells",112.50712451366,0.0219262256592258
11,2.46955311342151,"Raltegravir - BloodCells",112.50712451366,0.0219501931464053
11.25,2.47221338682328,"Raltegravir - BloodCells",112.50712451366,0.0219738385236494
11.5,2.47483861265245,"Raltegravir - BloodCells",112.50712451366,0.0219971723866427
11.75,2.47742950616306,"Raltegravir - BloodCells",112.50712451366,0.0220202010927963
12,2.47998702102885,"Raltegravir - BloodCells",112.50712451366,0.0220429331186733
12.25,2.48251163408729,"Raltegravir - BloodCells",112.50712451366,0.0220653727025606
12.5,2.48500334533943,"Raltegravir - BloodCells",112.50712451366,0.0220875198444674
12.75,2.48746287004267,"Raltegravir - BloodCells",112.50712451366,0.0221093809018349
13,2.4898899697806,"Raltegravir - BloodCells",112.50712451366,0.0221309537555401
13.25,2.49228512139294,"Raltegravir - BloodCells",112.50712451366,0.02215224264389
13.5,2.49464808646397,"Raltegravir - BloodCells",112.50712451366,0.0221732454477679
13.75,2.49697910341536,"Raltegravir - BloodCells",112.50712451366,0.0221939642863435
14,2.49927793383178,"Raltegravir - BloodCells",112.50712451366,0.0222143970405033
14.25,2.50154457771654,"Raltegravir - BloodCells",112.50712451366,0.022234543710277
14.5,2.50377903507304,"Raltegravir - BloodCells",112.50712451366,0.0222544042956946
14.75,2.50598106748603,"Raltegravir - BloodCells",112.50712451366,0.0222739766776439
15,2.50815115179603,"Raltegravir - BloodCells",112.50712451366,0.0222932650944386
15.25,2.51028881116912,"Raltegravir - BloodCells",112.50712451366,0.0223122653078235
15.5,2.51239404560845,"Raltegravir - BloodCells",112.50712451366,0.0223309773178267
15.75,2.51446709353563,"Raltegravir - BloodCells",112.50712451366,0.0223494032436172
16,2.51650795495358,"Raltegravir - BloodCells",112.50712451366,0.0223675430852208
16.25,2.51851662986504,"Raltegravir - BloodCells",112.50712451366,0.0223853968426618
16.5,2.52049335669118,"Raltegravir - BloodCells",112.50712451366,0.0224029666351055
16.75,2.52243789701586,"Raltegravir - BloodCells",112.50712451366,0.0224202503434314
17,2.5243507276785,"Raltegravir - BloodCells",112.50712451366,0.0224372522059438
17.25,2.52623208709978,"Raltegravir - BloodCells",112.50712451366,0.0224539743418033
17.5,2.52808197528163,"Raltegravir - BloodCells",112.50712451366,0.0224704167510271
17.75,2.52990063064439,"Raltegravir - BloodCells",112.50712451366,0.0224865815527729
18,2.53168853002682,"Raltegravir - BloodCells",112.50712451366,0.0225024729853391
18.25,2.53344567343036,"Raltegravir - BloodCells",112.50712451366,0.0225180910487385
18.5,2.53517253769346,"Raltegravir - BloodCells",112.50712451366,0.0225334399812668
18.75,2.53686912281727,"Raltegravir - BloodCells",112.50712451366,0.0225485197829339
19,2.53853614405853,"Raltegravir - BloodCells",112.50712451366,0.0225633368111752
19.25,2.54017383983668,"Raltegravir - BloodCells",112.50712451366,0.0225778931851402
19.5,2.54178244857107,"Raltegravir - BloodCells",112.50712451366,0.0225921910239779
19.75,2.54336268551804,"Raltegravir - BloodCells",112.50712451366,0.0226062366851198
20,2.54491431225953,"Raltegravir - BloodCells",112.50712451366,0.0226200280494285
20.25,2.54643828247027,"Raltegravir - BloodCells",112.50712451366,0.0226335735934759
20.5,2.54793483456917,"Raltegravir - BloodCells",112.50712451366,0.0226468754364068
20.75,2.54940444539359,"Raltegravir - BloodCells",112.50712451366,0.0226599378165074
21,2.55084711494368,"Raltegravir - BloodCells",112.50712451366,0.0226727607337789
21.25,2.55226379689384,"Raltegravir - BloodCells",112.50712451366,0.0226853526647902
21.5,2.55365472966263,"Raltegravir - BloodCells",112.50712451366,0.0226977157286833
21.75,2.55502039008715,"Raltegravir - BloodCells",112.50712451366,0.0227098541637418
22,2.55636101658585,"Raltegravir - BloodCells",112.50712451366,0.0227217700891065
22.25,2.55767708599574,"Raltegravir - BloodCells",112.50712451366,0.0227334677430602
22.5,2.55896907515374,"Raltegravir - BloodCells",112.50712451366,0.0227449513638849
22.75,2.56023769931532,"Raltegravir - BloodCells",112.50712451366,0.0227562273090046
23,2.56148295848021,"Raltegravir - BloodCells",112.50712451366,0.0227672955784166
23.25,2.56270532948523,"Raltegravir - BloodCells",112.50712451366,0.0227781604104021
23.5,2.56390528916718,"Raltegravir - BloodCells",112.50712451366,0.0227888260432422
23.75,2.56508355278142,"Raltegravir - BloodCells",112.50712451366,0.0227992988343595
24,2.56624012032756,"Raltegravir - BloodCells",112.50712451366,0.0228095787837506
24.25,2.56737546864233,"Raltegravir - BloodCells",112.50712451366,0.0228196701296958
24.5,2.56849007456248,"Raltegravir - BloodCells",112.50712451366,0.0228295771104756
24.75,2.56958441492471,"Raltegravir - BloodCells",112.50712451366,0.0228393039643701
25,2.57065896656574,"Raltegravir - BloodCells",112.50712451366,0.0228488549296594
25.25,2.57171372948512,"Raltegravir - BloodCells",112.50712451366,0.0228582300063395
25.5,2.57274918051954,"Raltegravir - BloodCells",112.50712451366,0.0228674334326905
25.75,2.57376603492428,"Raltegravir - BloodCells",112.50712451366,0.0228764715661344
26,2.57476429269888,"Raltegravir - BloodCells",112.50712451366,0.0228853444066671
26.25,2.57574443068005,"Raltegravir - BloodCells",112.50712451366,0.0228940561925686
26.5,2.57670668728589,"Raltegravir - BloodCells",112.50712451366,0.022902609042977
26.75,2.5776517777717,"Raltegravir - BloodCells",112.50712451366,0.0229110093153144
27,2.57857970213703,"Raltegravir - BloodCells",112.50712451366,0.0229192570095768
27.25,2.57949069880002,"Raltegravir - BloodCells",112.50712451366,0.0229273542449024
27.5,2.58038524459738,"Raltegravir - BloodCells",112.50712451366,0.0229353052595713
27.75,2.58126381636585,"Raltegravir - BloodCells",112.50712451366,0.0229431142918638
28,2.58212665252358,"Raltegravir - BloodCells",112.50712451366,0.0229507834609183
28.25,2.58297375307017,"Raltegravir - BloodCells",112.50712451366,0.0229583127667311
28.5,2.58380583326094,"Raltegravir - BloodCells",112.50712451366,0.0229657085667248
28.75,2.58462289309549,"Raltegravir - BloodCells",112.50712451366,0.0229729708608959
29,2.58542540941061,"Raltegravir - BloodCells",112.50712451366,0.022980103887525
29.25,2.58621362062449,"Raltegravir - BloodCells",112.50712451366,0.0229871097657508
29.5,2.58698752673677,"Raltegravir - BloodCells",112.50712451366,0.0229939884955701
29.75,2.58774760458425,"Raltegravir - BloodCells",112.50712451366,0.0230007443152639
30,2.58849433100373,"Raltegravir - BloodCells",112.50712451366,0.0230073814631131
30.25,2.58922770599489,"Raltegravir - BloodCells",112.50712451366,0.0230138999391147
30.5,2.58994796797597,"Raltegravir - BloodCells",112.50712451366,0.023020301862408
30.75,2.59065535536523,"Raltegravir - BloodCells",112.50712451366,0.023026589352132
31,2.59135010658095,"Raltegravir - BloodCells",112.50712451366,0.0230327645274262
31.25,2.59203269845997,"Raltegravir - BloodCells",112.50712451366,0.0230388316265719
31.5,2.59270313100202,"Raltegravir - BloodCells",112.50712451366,0.0230447906495667
31.75,2.59336164262539,"Raltegravir - BloodCells",112.50712451366,0.02305064371555
32,2.59400847174838,"Raltegravir - BloodCells",112.50712451366,0.0230563929436614
0,0,"Raltegravir - Interstitial",112.50712451366,0
0.05,0.0190870793909477,"Raltegravir - Interstitial",112.50712451366,0.000169652184014624
0.1,0.0383251681281389,"Raltegravir - Interstitial",112.50712451366,0.000340646588327708
0.15,0.0545228707734709,"Raltegravir - Interstitial",112.50712451366,0.000484617049890482
0.2,0.0661797719741012,"Raltegravir - Interstitial",112.50712451366,0.000588227387911475
0.25,0.0723730804851327,"Raltegravir - Interstitial",112.50712451366,0.000643275532976098
0.3,0.0736394763597757,"Raltegravir - Interstitial",112.50712451366,0.00065453167235498
0.35,0.0711234348662903,"Raltegravir - Interstitial",112.50712451366,0.000632168275331355
0.4,0.0660671870382499,"Raltegravir - Interstitial",112.50712451366,0.000587226696298939
0.45,0.0595760113126457,"Raltegravir - Interstitial",112.50712451366,0.000529531010326483
0.5,0.0525215532071926,"Raltegravir - Interstitial",112.50712451366,0.000466828686931874
0.55,0.0455231157978439,"Raltegravir - Interstitial",112.50712451366,0.000404624293746987
0.6,0.038971723609034,"Raltegravir - Interstitial",112.50712451366,0.000346393384218991
0.65,0.0330788873501675,"Raltegravir - Interstitial",112.50712451366,0.000294015934485565
0.7,0.0279262032423495,"Raltegravir - Interstitial",112.50712451366,0.000248217198360259
0.75,0.023511715337281,"Raltegravir - Interstitial",112.50712451366,0.000208979790736953
0.8,0.0197841273312384,"Raltegravir - Interstitial",112.50712451366,0.000175847773345557
0.85,0.0166684366947097,"Raltegravir - Interstitial",112.50712451366,0.000148154499252942
0.9,0.01408177797098,"Raltegravir - Interstitial",112.50712451366,0.000125163433265688
0.95,0.0119431705884727,"Raltegravir - Interstitial",112.50712451366,0.000106154793663957
1,0.0101790792451292,"Raltegravir - Interstitial",112.50712451366,9.04749747105421e-05
1.05,0.00872461472390896,"Raltegravir - Interstitial",112.50712451366,7.75472198905028e-05
1.1,0.00752472483515913,"Raltegravir - Interstitial",112.50712451366,6.68822073951906e-05
1.15,0.00653337549471209,"Raltegravir - Interstitial",112.50712451366,5.80707712774123e-05
1.2,0.00571236453356114,"Raltegravir - Interstitial",112.50712451366,5.07733582051294e-05
1.25,0.0050304152547524,"Raltegravir - Interstitial",112.50712451366,4.47119706996123e-05
1.3,0.00446215376131877,"Raltegravir - Interstitial",112.50712451366,3.96610772927274e-05
1.35,0.00398689525818553,"Raltegravir - Interstitial",112.50712451366,3.54368247826072e-05
1.4,0.003587798496237,"Raltegravir - Interstitial",112.50712451366,3.18895226568642e-05
1.45,0.00325125271002832,"Raltegravir - Interstitial",112.50712451366,2.88981939951152e-05
1.5,0.00296621102857389,"Raltegravir - Interstitial",112.50712451366,2.636465060676e-05
1.55,0.00272366253507234,"Raltegravir - Interstitial",112.50712451366,2.42088005257093e-05
1.6,0.00251627709559232,"Raltegravir - Interstitial",112.50712451366,2.23654911319577e-05
1.65,0.00233808097214616,"Raltegravir - Interstitial",112.50712451366,2.0781625894832e-05
1.7,0.00218418686049976,"Raltegravir - Interstitial",112.50712451366,1.94137648610384e-05
1.75,0.00205058920600321,"Raltegravir - Interstitial",112.50712451366,1.82263053550377e-05
1.8,0.00193400218522177,"Raltegravir - Interstitial",112.50712451366,1.71900419069635e-05
1.85,0.00183162934873327,"Raltegravir - Interstitial",112.50712451366,1.6280118762709e-05
1.9,0.00174138920810973,"Raltegravir - Interstitial",112.50712451366,1.54780349745612e-05
1.95,0.00166131183667428,"Raltegravir - Interstitial",112.50712451366,1.47662811920198e-05
2,0.00158990898713607,"Raltegravir - Interstitial",112.50712451366,1.41316293879952e-05
2.25,0.00132475761136952,"Raltegravir - Interstitial",112.50712451366,1.17748775208336e-05
2.5,0.00115226715564143,"Raltegravir - Interstitial",112.50712451366,1.02417261184338e-05
2.75,0.00102885416071796,"Raltegravir - Interstitial",112.50712451366,9.14479118691764e-06
3,0.000934594126654531,"Raltegravir - Interstitial",112.50712451366,8.30697727539076e-06
3.25,0.000859536208446698,"Raltegravir - Interstitial",112.50712451366,7.63983802947821e-06
3.5,0.000798190710925795,"Raltegravir - Interstitial",112.50712451366,7.09457924888022e-06
3.75,0.000747234847223055,"Raltegravir - Interstitial",112.50712451366,6.64166692067871e-06
4,0.000704476005413568,"Raltegravir - Interstitial",112.50712451366,6.26161239529356e-06
4.25,0.000668367937656456,"Raltegravir - Interstitial",112.50712451366,5.94067211783825e-06
4.5,0.000637766787153993,"Raltegravir - Interstitial",112.50712451366,5.6686791161973e-06
4.75,0.000611789726239209,"Raltegravir - Interstitial",112.50712451366,5.43778653026484e-06
5,0.000589729436232034,"Raltegravir - Interstitial",112.50712451366,5.24170748102653e-06
5.25,0.000571011767121377,"Raltegravir - Interstitial",112.50712451366,5.07533873601088e-06
5.5,0.000555157173138809,"Raltegravir - Interstitial",112.50712451366,4.93441793609618e-06
5.75,0.000541758482299315,"Raltegravir - Interstitial",112.50712451366,4.81532600394154e-06
6,0.000530466276913444,"Raltegravir - Interstitial",112.50712451366,4.71495720121296e-06
6.25,0.000520976716785526,"Raltegravir - Interstitial",112.50712451366,4.63061089719943e-06
6.5,0.00051302343822357,"Raltegravir - Interstitial",112.50712451366,4.55991956457195e-06
6.75,0.00050637187950997,"Raltegravir - Interstitial",112.50712451366,4.50079834231734e-06
7,0.000500815039657709,"Raltegravir - Interstitial",112.50712451366,4.45140733818065e-06
7.25,0.000496170341563129,"Raltegravir - Interstitial",112.50712451366,4.41012374734444e-06
7.5,0.000492275084351235,"Raltegravir - Interstitial",112.50712451366,4.37550143139127e-06
7.75,0.000488984777554435,"Raltegravir - Interstitial",112.50712451366,4.3462561119413e-06
8,0.000486172705016941,"Raltegravir - Interstitial",112.50712451366,4.3212614944924e-06
8.25,0.000483727495844022,"Raltegravir - Interstitial",112.50712451366,4.29952767822531e-06
8.5,0.000481550864245506,"Raltegravir - Interstitial",112.50712451366,4.2801810669958e-06
8.75,0.000479557036056732,"Raltegravir - Interstitial",112.50712451366,4.26245927206599e-06
9,0.00047767224027595,"Raltegravir - Interstitial",112.50712451366,4.24570659272298e-06
9.25,0.000475833022083094,"Raltegravir - Interstitial",112.50712451366,4.22935902183974e-06
9.5,0.000473985185867498,"Raltegravir - Interstitial",112.50712451366,4.21293485116092e-06
9.75,0.000472083152189384,"Raltegravir - Interstitial",112.50712451366,4.19602895576686e-06
10,0.00047008923425329,"Raltegravir - Interstitial",112.50712451366,4.17830636313361e-06
10.25,0.00046797283951916,"Raltegravir - Interstitial",112.50712451366,4.15949515679197e-06
10.5,0.00046570952668068,"Raltegravir - Interstitial",112.50712451366,4.13937809444358e-06
10.75,0.000463280490842655,"Raltegravir - Interstitial",112.50712451366,4.11778803204953e-06
11,0.000460671954040315,"Raltegravir - Interstitial",112.50712451366,4.09460250656734e-06
11.25,0.000457874609324116,"Raltegravir - Interstitial",112.50712451366,4.06973879479538e-06
11.5,0.000454882982866667,"Raltegravir - Interstitial",112.50712451366,4.04314824357135e-06
11.75,0.000451694912697365,"Raltegravir - Interstitial",112.50712451366,4.01481163659572e-06
12,0.000448311221203257,"Raltegravir - Interstitial",112.50712451366,3.98473628351266e-06
12.25,0.000444735179801981,"Raltegravir - Interstitial",112.50712451366,3.95295126174862e-06
12.5,0.000440972210476898,"Raltegravir - Interstitial",112.50712451366,3.91950476365928e-06
12.75,0.00043702942994378,"Raltegravir - Interstitial",112.50712451366,3.88446004493448e-06
13,0.000432915326759098,"Raltegravir - Interstitial",112.50712451366,3.84789255463139e-06
13.25,0.000428639666631009,"Raltegravir - Interstitial",112.50712451366,3.80988909354773e-06
13.5,0.000424213001190693,"Raltegravir - Interstitial",112.50712451366,3.77054344802127e-06
13.75,0.000419646534453269,"Raltegravir - Interstitial",112.50712451366,3.72995520299089e-06
14,0.000414951959869417,"Raltegravir - Interstitial",112.50712451366,3.68822829365829e-06
14.25,0.000410141229136823,"Raltegravir - Interstitial",112.50712451366,3.64546895060878e-06
14.5,0.000405226392846174,"Raltegravir - Interstitial",112.50712451366,3.60178428342086e-06
14.75,0.000400219493330869,"Raltegravir - Interstitial",112.50712451366,3.55728132827959e-06
15,0.000395132435717378,"Raltegravir - Interstitial",112.50712451366,3.5120659018301e-06
15.25,0.000389976925384221,"Raltegravir - Interstitial",112.50712451366,3.46624204529263e-06
15.5,0.000384764301724693,"Raltegravir - Interstitial",112.50712451366,3.41991054689143e-06
15.75,0.000379505561687216,"Raltegravir - Interstitial",112.50712451366,3.37316915108909e-06
16,0.000374211270529974,"Raltegravir - Interstitial",112.50712451366,3.32611176534461e-06
16.25,0.000368891482092699,"Raltegravir - Interstitial",112.50712451366,3.27882775146307e-06
16.5,0.000363555751974909,"Raltegravir - Interstitial",112.50712451366,3.23140204272814e-06
16.75,0.000358213151814815,"Raltegravir - Interstitial",112.50712451366,3.18391527081756e-06
17,0.000352872152348215,"Raltegravir - Interstitial",112.50712451366,3.1364427263926e-06
17.25,0.000347540691545683,"Raltegravir - Interstitial",112.50712451366,3.08905496472347e-06
17.5,0.000342226138583331,"Raltegravir - Interstitial",112.50712451366,3.04181748544982e-06
17.75,0.0003369353464897,"Raltegravir - Interstitial",112.50712451366,2.99479120052341e-06
18,0.000331674586977302,"Raltegravir - Interstitial",112.50712451366,2.94803185496961e-06
18.25,0.000326449613972433,"Raltegravir - Interstitial",112.50712451366,2.90159059156114e-06
18.5,0.000321265674979667,"Raltegravir - Interstitial",112.50712451366,2.85551405182933e-06
18.75,0.000316127493865849,"Raltegravir - Interstitial",112.50712451366,2.80984422304266e-06
19,0.000311039329382155,"Raltegravir - Interstitial",112.50712451366,2.76461895836997e-06
19.25,0.000306004982500942,"Raltegravir - Interstitial",112.50712451366,2.71987204209267e-06
19.5,0.000301027816947501,"Raltegravir - Interstitial",112.50712451366,2.67563337209771e-06
19.75,0.00029611077174722,"Raltegravir - Interstitial",112.50712451366,2.63192907140088e-06
20,0.000291256408834802,"Raltegravir - Interstitial",112.50712451366,2.588781911313e-06
20.25,0.000286466904286716,"Raltegravir - Interstitial",112.50712451366,2.54621123351113e-06
20.5,0.000281744121921116,"Raltegravir - Interstitial",112.50712451366,2.50423360421862e-06
20.75,0.000277089563856047,"Raltegravir - Interstitial",112.50712451366,2.46286237475036e-06
21,0.000272504451752977,"Raltegravir - Interstitial",112.50712451366,2.42210840363174e-06
21.25,0.000267989752861224,"Raltegravir - Interstitial",112.50712451366,2.38198028808999e-06
21.5,0.000263546152648024,"Raltegravir - Interstitial",112.50712451366,2.3424841207814e-06
21.75,0.000259174101543956,"Raltegravir - Interstitial",112.50712451366,2.30362390527979e-06
22,0.000254873858896167,"Raltegravir - Interstitial",112.50712451366,2.26540194674713e-06
22.25,0.000250645469965313,"Raltegravir - Interstitial",112.50712451366,2.22781864747491e-06
22.5,0.000246488810458476,"Raltegravir - Interstitial",112.50712451366,2.19087290270714e-06
22.75,0.000242403599426237,"Raltegravir - Interstitial",112.50712451366,2.15456221527381e-06
23,0.000238389412748101,"Raltegravir - Interstitial",112.50712451366,2.11888281545368e-06
23.25,0.000234445693128408,"Raltegravir - Interstitial",112.50712451366,2.08382974982125e-06
23.5,0.000230571771232954,"Raltegravir - Interstitial",112.50712451366,2.04939706911591e-06
23.75,0.000226766898629417,"Raltegravir - Interstitial",112.50712451366,2.01557812102721e-06
24,0.000223030197575035,"Raltegravir - Interstitial",112.50712451366,1.98236510389132e-06
24.25,0.000219360765689915,"Raltegravir - Interstitial",112.50712451366,1.94974999706158e-06
24.5,0.000215757589886408,"Raltegravir - Interstitial",112.50712451366,1.9177237958847e-06
24.75,0.000212219637146733,"Raltegravir - Interstitial",112.50712451366,1.88627731856187e-06
25,0.000208745818767481,"Raltegravir - Interstitial",112.50712451366,1.85540088834229e-06
25.25,0.000205335002304051,"Raltegravir - Interstitial",112.50712451366,1.82508443968916e-06
25.5,0.000201986027359987,"Raltegravir - Interstitial",112.50712451366,1.79531765862048e-06
25.75,0.000198697727698656,"Raltegravir - Interstitial",112.50712451366,1.76609017924488e-06
26,0.000195468899427922,"Raltegravir - Interstitial",112.50712451366,1.73739130097658e-06
26.25,0.00019229835319514,"Raltegravir - Interstitial",112.50712451366,1.70921045246154e-06
26.5,0.000189184857473482,"Raltegravir - Interstitial",112.50712451366,1.68153668748785e-06
26.75,0.00018612722726916,"Raltegravir - Interstitial",112.50712451366,1.65435947344438e-06
27,0.000183124248973434,"Raltegravir - Interstitial",112.50712451366,1.62766802338105e-06
27.25,0.000180174733996771,"Raltegravir - Interstitial",112.50712451366,1.60145177272658e-06
27.5,0.000177277481399076,"Raltegravir - Interstitial",112.50712451366,1.57570004713393e-06
27.75,0.000174431344062509,"Raltegravir - Interstitial",112.50712451366,1.55040265064575e-06
28,0.000171635151474451,"Raltegravir - Interstitial",112.50712451366,1.5255491793643e-06
28.25,0.000168887770271378,"Raltegravir - Interstitial",112.50712451366,1.50112955958511e-06
28.5,0.00016618809304453,"Raltegravir - Interstitial",112.50712451366,1.47713394829811e-06
28.75,0.00016353502637917,"Raltegravir - Interstitial",112.50712451366,1.45355262687666e-06
29,0.000160927487877249,"Raltegravir - Interstitial",112.50712451366,1.43037597461403e-06
29.25,0.000158364446866151,"Raltegravir - Interstitial",112.50712451366,1.40759483055603e-06
29.5,0.000155844873455592,"Raltegravir - Interstitial",112.50712451366,1.38520004070205e-06
29.75,0.000153367767425575,"Raltegravir - Interstitial",112.50712451366,1.36318271477069e-06
30,0.000150932167706207,"Raltegravir - Interstitial",112.50712451366,1.34153431045944e-06
30.25,0.000148537137213955,"Raltegravir - Interstitial",112.50712451366,1.32024649866437e-06
30.5,0.000146181741803444,"Raltegravir - Interstitial",112.50712451366,1.29931097639683e-06
30.75,0.000143865103437751,"Raltegravir - Interstitial",112.50712451366,1.27871993937845e-06
31,0.000141586351247234,"Raltegravir - Interstitial",112.50712451366,1.25846564703592e-06
31.25,0.000139344644507254,"Raltegravir - Interstitial",112.50712451366,1.23854062673458e-06
31.5,0.000137139174061215,"Raltegravir - Interstitial",112.50712451366,1.21893768642683e-06
31.75,0.000134969149976272,"Raltegravir - Interstitial",112.50712451366,1.199649804932e-06
32,0.000132833812793108,"Raltegravir - Interstitial",112.50712451366,1.18067023192812e-06
0,0,"Raltegravir - Intracellular",112.50712451366,0
0.05,0.166419621809399,"Raltegravir - Intracellular",112.50712451366,0.00147919185143865
0.1,0.33389386111031,"Raltegravir - Intracellular",112.50712451366,0.00296775748694716
0.15,0.48096005561987,"Raltegravir - Intracellular",112.50712451366,0.00427492976732754
0.2,0.59023954438708,"Raltegravir - Intracellular",112.50712451366,0.00524624148860384
0.25,0.652875935399445,"Raltegravir - Intracellular",112.50712451366,0.00580297415138521
0.3,0.672294424863962,"Raltegravir - Intracellular",112.50712451366,0.0059755720161734
0.35,0.657296834929556,"Raltegravir - Intracellular",112.50712451366,0.00584226854762209
0.4,0.617993496933127,"Raltegravir - Intracellular",112.50712451366,0.00549292766662163
0.45,0.563792741728001,"Raltegravir - Intracellular",112.50712451366,0.00501117368491228
0.5,0.502456523369587,"Raltegravir - Intracellular",112.50712451366,0.00446599738053551
0.55,0.439786032689108,"Raltegravir - Intracellular",112.50712451366,0.00390896162878745
0.6,0.379698294862756,"Raltegravir - Intracellular",112.50712451366,0.0033748822263843
0.65,0.32453882090174,"Raltegravir - Intracellular",112.50712451366,0.00288460683983028
0.7,0.275451906903336,"Raltegravir - Intracellular",112.50712451366,0.0024483063458785
0.75,0.232753461008937,"Raltegravir - Intracellular",112.50712451366,0.00206878863907572
0.8,0.196228199828187,"Raltegravir - Intracellular",112.50712451366,0.00174414021046607
0.85,0.165365206122,"Raltegravir - Intracellular",112.50712451366,0.00146981986106953
0.9,0.139515185218268,"Raltegravir - Intracellular",112.50712451366,0.00124005644817035
0.95,0.117994773575993,"Raltegravir - Intracellular",112.50712451366,0.00104877601383961
1,0.100153207162707,"Raltegravir - Intracellular",112.50712451366,0.000890194355207671
1.05,0.0853927388821876,"Raltegravir - Intracellular",112.50712451366,0.000758998501217759
1.1,0.0731947086325984,"Raltegravir - Intracellular",112.50712451366,0.000650578431801549
1.15,0.063112719176839,"Raltegravir - Intracellular",112.50712451366,0.000560966422790197
1.2,0.054770057758943,"Raltegravir - Intracellular",112.50712451366,0.000486814128400315
1.25,0.0478536572160718,"Raltegravir - Intracellular",112.50712451366,0.000425338905628699
1.3,0.042106239409588,"Raltegravir - Intracellular",112.50712451366,0.000374253982506466
1.35,0.0373160530042039,"Raltegravir - Intracellular",112.50712451366,0.000331677244134644
1.4,0.0333095389525111,"Raltegravir - Intracellular",112.50712451366,0.000296066041119617
1.45,0.0299456972345218,"Raltegravir - Intracellular",112.50712451366,0.000266167119317728
1.5,0.0271097521244903,"Raltegravir - Intracellular",112.50712451366,0.000240960314661662
1.55,0.0247079900529552,"Raltegravir - Intracellular",112.50712451366,0.000219612670395423
1.6,0.0226641682000905,"Raltegravir - Intracellular",112.50712451366,0.000201446515481238
1.65,0.0209162350308174,"Raltegravir - Intracellular",112.50712451366,0.000185910315646525
1.7,0.0194135456768167,"Raltegravir - Intracellular",112.50712451366,0.000172553922791438
1.75,0.0181147365427559,"Raltegravir - Intracellular",112.50712451366,0.000161009683796127
1.8,0.0169859950681825,"Raltegravir - Intracellular",112.50712451366,0.000150977061600399
1.85,0.0159985760450247,"Raltegravir - Intracellular",112.50712451366,0.000142200559423971
1.9,0.0151314889924472,"Raltegravir - Intracellular",112.50712451366,0.000134493607030282
1.95,0.0143642121068255,"Raltegravir - Intracellular",112.50712451366,0.000127673799938612
2,0.0136821048333156,"Raltegravir - Intracellular",112.50712451366,0.000121611008124684
2.25,0.0111636314569417,"Raltegravir - Intracellular",112.50712451366,9.92259957331524e-05
2.5,0.00953157241829317,"Raltegravir - Intracellular",112.50712451366,8.4719722946398e-05
2.75,0.00835929175526218,"Raltegravir - Intracellular",112.50712451366,7.43001102498824e-05
3,0.00745510012929884,"Raltegravir - Intracellular",112.50712451366,6.62633603118502e-05
3.25,0.00672476735412886,"Raltegravir - Intracellular",112.50712451366,5.97719245176547e-05
3.5,0.00611708221676821,"Raltegravir - Intracellular",112.50712451366,5.43706209114385e-05
3.75,0.00560151114230933,"Raltegravir - Intracellular",112.50712451366,4.97880571254778e-05
4,0.00515818572327476,"Raltegravir - Intracellular",112.50712451366,4.58476362770118e-05
4.25,0.00477330050759406,"Raltegravir - Intracellular",112.50712451366,4.24266510074615e-05
4.5,0.00443680065373542,"Raltegravir - Intracellular",112.50712451366,3.94357306074135e-05
4.75,0.00414106011984927,"Raltegravir - Intracellular",112.50712451366,3.68070923308194e-05
5,0.00388007047612859,"Raltegravir - Intracellular",112.50712451366,3.44873312948062e-05
5.25,0.00364904347219408,"Raltegravir - Intracellular",112.50712451366,3.24338879690329e-05
5.5,0.00344405818864857,"Raltegravir - Intracellular",112.50712451366,3.0611911943678e-05
5.75,0.00326184025914245,"Raltegravir - Intracellular",112.50712451366,2.89922995831825e-05
6,0.00309962483629533,"Raltegravir - Intracellular",112.50712451366,2.75504760226896e-05
6.25,0.0029550432514327,"Raltegravir - Intracellular",112.50712451366,2.62653877628338e-05
6.5,0.002826040788932,"Raltegravir - Intracellular",112.50712451366,2.51187718213249e-05
6.75,0.00271082164078962,"Raltegravir - Intracellular",112.50712451366,2.4094666471193e-05
7,0.00260780863931132,"Raltegravir - Intracellular",112.50712451366,2.31790533318154e-05
7.25,0.00251560917325833,"Raltegravir - Intracellular",112.50712451366,2.23595544205105e-05
7.5,0.00243298059845642,"Raltegravir - Intracellular",112.50712451366,2.16251247107558e-05
7.75,0.00235881303413521,"Raltegravir - Intracellular",112.50712451366,2.09658992204429e-05
8,0.00229211910976801,"Raltegravir - Intracellular",112.50712451366,2.03731018784479e-05
8.25,0.00223201468976697,"Raltegravir - Intracellular",112.50712451366,1.98388741994377e-05
8.5,0.00217770351586921,"Raltegravir - Intracellular",112.50712451366,1.93561387803917e-05
8.75,0.00212847341258282,"Raltegravir - Intracellular",112.50712451366,1.89185655733686e-05
9,0.00208368879537346,"Raltegravir - Intracellular",112.50712451366,1.85205052958266e-05
9.25,0.002042780701764,"Raltegravir - Intracellular",112.50712451366,1.81569008237872e-05
9.5,0.00200523865201774,"Raltegravir - Intracellular",112.50712451366,1.78232148469342e-05
9.75,0.00197060769529855,"Raltegravir - Intracellular",112.50712451366,1.75154036139222e-05
10,0.00193848423504051,"Raltegravir - Intracellular",112.50712451366,1.72298798269006e-05
10.25,0.00190850978621881,"Raltegravir - Intracellular",112.50712451366,1.69634571541031e-05
10.5,0.00188036634104449,"Raltegravir - Intracellular",112.50712451366,1.67133090386306e-05
10.75,0.00185377306245016,"Raltegravir - Intracellular",112.50712451366,1.64769393090754e-05
11,0.00182848382470446,"Raltegravir - Intracellular",112.50712451366,1.62521603197001e-05
11.25,0.00180428305094527,"Raltegravir - Intracellular",112.50712451366,1.60370559530761e-05
11.5,0.00178098261843029,"Raltegravir - Intracellular",112.50712451366,1.58299541129421e-05
11.75,0.0017584195904341,"Raltegravir - Intracellular",112.50712451366,1.56294065645648e-05
12,0.00173645302073178,"Raltegravir - Intracellular",112.50712451366,1.54341605319488e-05
12.25,0.00171496296259743,"Raltegravir - Intracellular",112.50712451366,1.52431498894918e-05
12.5,0.00169384757611857,"Raltegravir - Intracellular",112.50712451366,1.50554694508516e-05
12.75,0.00167302077677833,"Raltegravir - Intracellular",112.50712451366,1.48703540687791e-05
13,0.00165241071403499,"Raltegravir - Intracellular",112.50712451366,1.46871651122358e-05
13.25,0.00163195869606003,"Raltegravir - Intracellular",112.50712451366,1.45053809091165e-05
13.5,0.00161161717002245,"Raltegravir - Intracellular",112.50712451366,1.4324578794357e-05
13.75,0.00159134862327781,"Raltegravir - Intracellular",112.50712451366,1.41444253433444e-05
14,0.00157112386780722,"Raltegravir - Intracellular",112.50712451366,1.39646611234515e-05
14.25,0.00155092150811076,"Raltegravir - Intracellular",112.50712451366,1.37850959645001e-05
14.5,0.00153072660221976,"Raltegravir - Intracellular",112.50712451366,1.36055970574015e-05
14.75,0.00151052991596257,"Raltegravir - Intracellular",112.50712451366,1.34260823258279e-05
15,0.00149032678037725,"Raltegravir - Intracellular",112.50712451366,1.32465102705234e-05
15.25,0.00147011675240161,"Raltegravir - Intracellular",112.50712451366,1.30668769534068e-05
15.5,0.00144990262726366,"Raltegravir - Intracellular",112.50712451366,1.28872072193759e-05
15.75,0.00142969003288668,"Raltegravir - Intracellular",112.50712451366,1.27075510912475e-05
16,0.00140948680612413,"Raltegravir - Intracellular",112.50712451366,1.252797822553e-05
16.25,0.00138930268030504,"Raltegravir - Intracellular",112.50712451366,1.2348575135225e-05
16.5,0.00136914846949897,"Raltegravir - Intracellular",112.50712451366,1.21694379393079e-05
16.75,0.0013490363565915,"Raltegravir - Intracellular",112.50712451366,1.19906749232375e-05
17,0.00132897894134047,"Raltegravir - Intracellular",112.50712451366,1.18123980777689e-05
17.25,0.00130898947642758,"Raltegravir - Intracellular",112.50712451366,1.16347251970577e-05
17.5,0.00128908114204671,"Raltegravir - Intracellular",112.50712451366,1.14577734309634e-05
17.75,0.00126926733120646,"Raltegravir - Intracellular",112.50712451366,1.1281661820913e-05
18,0.00124956118958396,"Raltegravir - Intracellular",112.50712451366,1.110650720997e-05
18.25,0.00122997551925994,"Raltegravir - Intracellular",112.50712451366,1.09324233872016e-05
18.5,0.00121052268877934,"Raltegravir - Intracellular",112.50712451366,1.07595202882673e-05
18.75,0.00119121469502005,"Raltegravir - Intracellular",112.50712451366,1.05879045453288e-05
19,0.00117206272842848,"Raltegravir - Intracellular",112.50712451366,1.04176756227218e-05
19.25,0.00115307749781931,"Raltegravir - Intracellular",112.50712451366,1.02489287038823e-05
19.5,0.0011342688443291,"Raltegravir - Intracellular",112.50712451366,1.00817512600403e-05
19.75,0.00111564608172212,"Raltegravir - Intracellular",112.50712451366,9.91622607496884e-06
20,0.00109721768962686,"Raltegravir - Intracellular",112.50712451366,9.75242851837036e-06
20.25,0.00107899137368486,"Raltegravir - Intracellular",112.50712451366,9.59042708049885e-06
20.5,0.00106097417638193,"Raltegravir - Intracellular",112.50712451366,9.43028435726406e-06
20.75,0.00104317237707644,"Raltegravir - Intracellular",112.50712451366,9.27205616165029e-06
21,0.00102559145204967,"Raltegravir - Intracellular",112.50712451366,9.11579116863085e-06
21.25,0.00100823635910251,"Raltegravir - Intracellular",112.50712451366,8.96153344475619e-06
21.5,0.000991111267068027,"Raltegravir - Intracellular",112.50712451366,8.80932004397369e-06
21.75,0.000974219674383241,"Raltegravir - Intracellular",112.50712451366,8.6591820615321e-06
22,0.000957564490833225,"Raltegravir - Intracellular",112.50712451366,8.51114536054972e-06
22.25,0.000941148113865544,"Raltegravir - Intracellular",112.50712451366,8.36523125032208e-06
22.5,0.00092497224963352,"Raltegravir - Intracellular",112.50712451366,8.22145489569611e-06
22.75,0.000909038193762155,"Raltegravir - Intracellular",112.50712451366,8.0798278126092e-06
23,0.000893346681782032,"Raltegravir - Intracellular",112.50712451366,7.94035653869696e-06
23.25,0.000877898052356698,"Raltegravir - Intracellular",112.50712451366,7.8030440841114e-06
23.5,0.000862692160374063,"Raltegravir - Intracellular",112.50712451366,7.66788915904895e-06
23.75,0.000847728467171722,"Raltegravir - Intracellular",112.50712451366,7.53488697570256e-06
24,0.000833006163605092,"Raltegravir - Intracellular",112.50712451366,7.40403034213139e-06
24.25,0.00081852402739867,"Raltegravir - Intracellular",112.50712451366,7.27530839435231e-06
24.5,0.000804280555118141,"Raltegravir - Intracellular",112.50712451366,7.14870776935101e-06
24.75,0.000790273939037769,"Raltegravir - Intracellular",112.50712451366,7.02421239947181e-06
25,0.000776502231698268,"Raltegravir - Intracellular",112.50712451366,6.90180497506174e-06
25.25,0.000762963160464206,"Raltegravir - Intracellular",112.50712451366,6.78146529619617e-06
25.5,0.000749654306476048,"Raltegravir - Intracellular",112.50712451366,6.66317186326302e-06
25.75,0.000736573021896938,"Raltegravir - Intracellular",112.50712451366,6.54690114142513e-06
26,0.000723716643836309,"Raltegravir - Intracellular",112.50712451366,6.43262946204301e-06
26.25,0.000711082183257103,"Raltegravir - Intracellular",112.50712451366,6.32033025758087e-06
26.5,0.000698666730315183,"Raltegravir - Intracellular",112.50712451366,6.20997766439543e-06
26.75,0.000686467151422296,"Raltegravir - Intracellular",112.50712451366,6.10154383013273e-06
27,0.000674480276652209,"Raltegravir - Intracellular",112.50712451366,5.99500057945502e-06
27.25,0.000662702919076153,"Raltegravir - Intracellular",112.50712451366,5.89031958590047e-06
27.5,0.000651131747108614,"Raltegravir - Intracellular",112.50712451366,5.78747123725092e-06
27.75,0.000639763467600009,"Raltegravir - Intracellular",112.50712451366,5.68642626291932e-06
28,0.000628594757922875,"Raltegravir - Intracellular",112.50712451366,5.5871551303096e-06
28.25,0.000617622232084937,"Raltegravir - Intracellular",112.50712451366,5.48962774361858e-06
28.5,0.000606842540580886,"Raltegravir - Intracellular",112.50712451366,5.39381433135114e-06
28.75,0.000596252350607176,"Raltegravir - Intracellular",112.50712451366,5.29968527046288e-06
29,0.000585848295126126,"Raltegravir - Intracellular",112.50712451366,5.20721063362521e-06
29.25,0.000575627036372285,"Raltegravir - Intracellular",112.50712451366,5.11636075369072e-06
29.5,0.000565585299181135,"Raltegravir - Intracellular",112.50712451366,5.02710651992946e-06
29.75,0.000555719800438969,"Raltegravir - Intracellular",112.50712451366,4.9394187509565e-06
30,0.000546027295915197,"Raltegravir - Intracellular",112.50712451366,4.85326861099274e-06
30.25,0.000536504583774522,"Raltegravir - Intracellular",112.50712451366,4.76862764108226e-06
30.5,0.000527148526825481,"Raltegravir - Intracellular",112.50712451366,4.68546795684462e-06
30.75,0.000517955966926321,"Raltegravir - Intracellular",112.50712451366,4.60376148768636e-06
31,0.000508923896154165,"Raltegravir - Intracellular",112.50712451366,4.52348149820837e-06
31.25,0.00050004926759718,"Raltegravir - Intracellular",112.50712451366,4.44460090646497e-06
31.5,0.000491329108227509,"Raltegravir - Intracellular",112.50712451366,4.36709328721538e-06
31.75,0.000482760540563179,"Raltegravir - Intracellular",112.50712451366,4.29093306446175e-06
32,0.00047434068787115,"Raltegravir - Intracellular",112.50712451366,4.21609466886303e-06
0,0,"Raltegravir - Gallbladder",112.50712451366,0
0.05,0,"Raltegravir - Gallbladder",112.50712451366,0
0.1,0,"Raltegravir - Gallbladder",112.50712451366,0
0.15,0,"Raltegravir - Gallbladder",112.50712451366,0
0.2,0,"Raltegravir - Gallbladder",112.50712451366,0
0.25,0,"Raltegravir - Gallbladder",112.50712451366,0
0.3,0,"Raltegravir - Gallbladder",112.50712451366,0
0.35,0,"Raltegravir - Gallbladder",112.50712451366,0
0.4,0,"Raltegravir - Gallbladder",112.50712451366,0
0.45,0,"Raltegravir - Gallbladder",112.50712451366,0
0.5,0,"Raltegravir - Gallbladder",112.50712451366,0
0.55,0,"Raltegravir - Gallbladder",112.50712451366,0
0.6,0,"Raltegravir - Gallbladder",112.50712451366,0
0.65,0,"Raltegravir - Gallbladder",112.50712451366,0
0.7,0,"Raltegravir - Gallbladder",112.50712451366,0
0.75,0,"Raltegravir - Gallbladder",112.50712451366,0
0.8,0,"Raltegravir - Gallbladder",112.50712451366,0
0.85,0,"Raltegravir - Gallbladder",112.50712451366,0
0.9,0,"Raltegravir - Gallbladder",112.50712451366,0
0.95,0,"Raltegravir - Gallbladder",112.50712451366,0
1,0,"Raltegravir - Gallbladder",112.50712451366,0
1.05,0,"Raltegravir - Gallbladder",112.50712451366,0
1.1,0,"Raltegravir - Gallbladder",112.50712451366,0
1.15,0,"Raltegravir - Gallbladder",112.50712451366,0
1.2,0,"Raltegravir - Gallbladder",112.50712451366,0
1.25,0,"Raltegravir - Gallbladder",112.50712451366,0
1.3,0,"Raltegravir - Gallbladder",112.50712451366,0
1.35,0,"Raltegravir - Gallbladder",112.50712451366,0
1.4,0,"Raltegravir - Gallbladder",112.50712451366,0
1.45,0,"Raltegravir - Gallbladder",112.50712451366,0
1.5,0,"Raltegravir - Gallbladder",112.50712451366,0
1.55,0,"Raltegravir - Gallbladder",112.50712451366,0
1.6,0,"Raltegravir - Gallbladder",112.50712451366,0
1.65,0,"Raltegravir - Gallbladder",112.50712451366,0
1.7,0,"Raltegravir - Gallbladder",112.50712451366,0
1.75,0,"Raltegravir - Gallbladder",112.50712451366,0
1.8,0,"Raltegravir - Gallbladder",112.50712451366,0
1.85,0,"Raltegravir - Gallbladder",112.50712451366,0
1.9,0,"Raltegravir - Gallbladder",112.50712451366,0
1.95,0,"Raltegravir - Gallbladder",112.50712451366,0
2,0,"Raltegravir - Gallbladder",112.50712451366,0
2.25,0,"Raltegravir - Gallbladder",112.50712451366,0
2.5,0,"Raltegravir - Gallbladder",112.50712451366,0
2.75,0,"Raltegravir - Gallbladder",112.50712451366,0
3,0,"Raltegravir - Gallbladder",112.50712451366,0
3.25,0,"Raltegravir - Gallbladder",112.50712451366,0
3.5,0,"Raltegravir - Gallbladder",112.50712451366,0
3.75,0,"Raltegravir - Gallbladder",112.50712451366,0
4,0,"Raltegravir - Gallbladder",112.50712451366,0
4.25,0,"Raltegravir - Gallbladder",112.50712451366,0
4.5,0,"Raltegravir - Gallbladder",112.50712451366,0
4.75,0,"Raltegravir - Gallbladder",112.50712451366,0
5,0,"Raltegravir - Gallbladder",112.50712451366,0
5.25,0,"Raltegravir - Gallbladder",112.50712451366,0
5.5,0,"Raltegravir - Gallbladder",112.50712451366,0
5.75,0,"Raltegravir - Gallbladder",112.50712451366,0
6,0,"Raltegravir - Gallbladder",112.50712451366,0
6.25,0,"Raltegravir - Gallbladder",112.50712451366,0
6.5,0,"Raltegravir - Gallbladder",112.50712451366,0
6.75,0,"Raltegravir - Gallbladder",112.50712451366,0
7,0,"Raltegravir - Gallbladder",112.50712451366,0
7.25,0,"Raltegravir - Gallbladder",112.50712451366,0
7.5,0,"Raltegravir - Gallbladder",112.50712451366,0
7.75,0,"Raltegravir - Gallbladder",112.50712451366,0
8,0,"Raltegravir - Gallbladder",112.50712451366,0
8.25,0,"Raltegravir - Gallbladder",112.50712451366,0
8.5,0,"Raltegravir - Gallbladder",112.50712451366,0
8.75,0,"Raltegravir - Gallbladder",112.50712451366,0
9,0,"Raltegravir - Gallbladder",112.50712451366,0
9.25,0,"Raltegravir - Gallbladder",112.50712451366,0
9.5,0,"Raltegravir - Gallbladder",112.50712451366,0
9.75,0,"Raltegravir - Gallbladder",112.50712451366,0
10,0,"Raltegravir - Gallbladder",112.50712451366,0
10.25,0,"Raltegravir - Gallbladder",112.50712451366,0
10.5,0,"Raltegravir - Gallbladder",112.50712451366,0
10.75,0,"Raltegravir - Gallbladder",112.50712451366,0
11,0,"Raltegravir - Gallbladder",112.50712451366,0
11.25,0,"Raltegravir - Gallbladder",112.50712451366,0
11.5,0,"Raltegravir - Gallbladder",112.50712451366,0
11.75,0,"Raltegravir - Gallbladder",112.50712451366,0
12,0,"Raltegravir - Gallbladder",112.50712451366,0
12.25,0,"Raltegravir - Gallbladder",112.50712451366,0
12.5,0,"Raltegravir - Gallbladder",112.50712451366,0
12.75,0,"Raltegravir - Gallbladder",112.50712451366,0
13,0,"Raltegravir - Gallbladder",112.50712451366,0
13.25,0,"Raltegravir - Gallbladder",112.50712451366,0
13.5,0,"Raltegravir - Gallbladder",112.50712451366,0
13.75,0,"Raltegravir - Gallbladder",112.50712451366,0
14,0,"Raltegravir - Gallbladder",112.50712451366,0
14.25,0,"Raltegravir - Gallbladder",112.50712451366,0
14.5,0,"Raltegravir - Gallbladder",112.50712451366,0
14.75,0,"Raltegravir - Gallbladder",112.50712451366,0
15,0,"Raltegravir - Gallbladder",112.50712451366,0
15.25,0,"Raltegravir - Gallbladder",112.50712451366,0
15.5,0,"Raltegravir - Gallbladder",112.50712451366,0
15.75,0,"Raltegravir - Gallbladder",112.50712451366,0
16,0,"Raltegravir - Gallbladder",112.50712451366,0
16.25,0,"Raltegravir - Gallbladder",112.50712451366,0
16.5,0,"Raltegravir - Gallbladder",112.50712451366,0
16.75,0,"Raltegravir - Gallbladder",112.50712451366,0
17,0,"Raltegravir - Gallbladder",112.50712451366,0
17.25,0,"Raltegravir - Gallbladder",112.50712451366,0
17.5,0,"Raltegravir - Gallbladder",112.50712451366,0
17.75,0,"Raltegravir - Gallbladder",112.50712451366,0
18,0,"Raltegravir - Gallbladder",112.50712451366,0
18.25,0,"Raltegravir - Gallbladder",112.50712451366,0
18.5,0,"Raltegravir - Gallbladder",112.50712451366,0
18.75,0,"Raltegravir - Gallbladder",112.50712451366,0
19,0,"Raltegravir - Gallbladder",112.50712451366,0
19.25,0,"Raltegravir - Gallbladder",112.50712451366,0
19.5,0,"Raltegravir - Gallbladder",112.50712451366,0
19.75,0,"Raltegravir - Gallbladder",112.50712451366,0
20,0,"Raltegravir - Gallbladder",112.50712451366,0
20.25,0,"Raltegravir - Gallbladder",112.50712451366,0
20.5,0,"Raltegravir - Gallbladder",112.50712451366,0
20.75,0,"Raltegravir - Gallbladder",112.50712451366,0
21,0,"Raltegravir - Gallbladder",112.50712451366,0
21.25,0,"Raltegravir - Gallbladder",112.50712451366,0
21.5,0,"Raltegravir - Gallbladder",112.50712451366,0
21.75,0,"Raltegravir - Gallbladder",112.50712451366,0
22,0,"Raltegravir - Gallbladder",112.50712451366,0
22.25,0,"Raltegravir - Gallbladder",112.50712451366,0
22.5,0,"Raltegravir - Gallbladder",112.50712451366,0
22.75,0,"Raltegravir - Gallbladder",112.50712451366,0
23,0,"Raltegravir - Gallbladder",112.50712451366,0
23.25,0,"Raltegravir - Gallbladder",112.50712451366,0
23.5,0,"Raltegravir - Gallbladder",112.50712451366,0
23.75,0,"Raltegravir - Gallbladder",112.50712451366,0
24,0,"Raltegravir - Gallbladder",112.50712451366,0
24.25,0,"Raltegravir - Gallbladder",112.50712451366,0
24.5,0,"Raltegravir - Gallbladder",112.50712451366,0
24.75,0,"Raltegravir - Gallbladder",112.50712451366,0
25,0,"Raltegravir - Gallbladder",112.50712451366,0
25.25,0,"Raltegravir - Gallbladder",112.50712451366,0
25.5,0,"Raltegravir - Gallbladder",112.50712451366,0
25.75,0,"Raltegravir - Gallbladder",112.50712451366,0
26,0,"Raltegravir - Gallbladder",112.50712451366,0
26.25,0,"Raltegravir - Gallbladder",112.50712451366,0
26.5,0,"Raltegravir - Gallbladder",112.50712451366,0
26.75,0,"Raltegravir - Gallbladder",112.50712451366,0
27,0,"Raltegravir - Gallbladder",112.50712451366,0
27.25,0,"Raltegravir - Gallbladder",112.50712451366,0
27.5,0,"Raltegravir - Gallbladder",112.50712451366,0
27.75,0,"Raltegravir - Gallbladder",112.50712451366,0
28,0,"Raltegravir - Gallbladder",112.50712451366,0
28.25,0,"Raltegravir - Gallbladder",112.50712451366,0
28.5,0,"Raltegravir - Gallbladder",112.50712451366,0
28.75,0,"Raltegravir - Gallbladder",112.50712451366,0
29,0,"Raltegravir - Gallbladder",112.50712451366,0
29.25,0,"Raltegravir - Gallbladder",112.50712451366,0
29.5,0,"Raltegravir - Gallbladder",112.50712451366,0
29.75,0,"Raltegravir - Gallbladder",112.50712451366,0
30,0,"Raltegravir - Gallbladder",112.50712451366,0
30.25,0,"Raltegravir - Gallbladder",112.50712451366,0
30.5,0,"Raltegravir - Gallbladder",112.50712451366,0
30.75,0,"Raltegravir - Gallbladder",112.50712451366,0
31,0,"Raltegravir - Gallbladder",112.50712451366,0
31.25,0,"Raltegravir - Gallbladder",112.50712451366,0
31.5,0,"Raltegravir - Gallbladder",112.50712451366,0
31.75,0,"Raltegravir - Gallbladder",112.50712451366,0
32,0,"Raltegravir - Gallbladder",112.50712451366,0
0,0,"Raltegravir - Urine",112.50712451366,0
0.05,0,"Raltegravir - Urine",112.50712451366,0
0.1,0,"Raltegravir - Urine",112.50712451366,0
0.15,0,"Raltegravir - Urine",112.50712451366,0
0.2,0,"Raltegravir - Urine",112.50712451366,0
0.25,0,"Raltegravir - Urine",112.50712451366,0
0.3,0,"Raltegravir - Urine",112.50712451366,0
0.35,0,"Raltegravir - Urine",112.50712451366,0
0.4,0,"Raltegravir - Urine",112.50712451366,0
0.45,0,"Raltegravir - Urine",112.50712451366,0
0.5,0,"Raltegravir - Urine",112.50712451366,0
0.55,0,"Raltegravir - Urine",112.50712451366,0
0.6,0,"Raltegravir - Urine",112.50712451366,0
0.65,0,"Raltegravir - Urine",112.50712451366,0
0.7,0,"Raltegravir - Urine",112.50712451366,0
0.75,0,"Raltegravir - Urine",112.50712451366,0
0.8,0,"Raltegravir - Urine",112.50712451366,0
0.85,0,"Raltegravir - Urine",112.50712451366,0
0.9,0,"Raltegravir - Urine",112.50712451366,0
0.95,0,"Raltegravir - Urine",112.50712451366,0
1,0,"Raltegravir - Urine",112.50712451366,0
1.05,0,"Raltegravir - Urine",112.50712451366,0
1.1,0,"Raltegravir - Urine",112.50712451366,0
1.15,0,"Raltegravir - Urine",112.50712451366,0
1.2,0,"Raltegravir - Urine",112.50712451366,0
1.25,0,"Raltegravir - Urine",112.50712451366,0
1.3,0,"Raltegravir - Urine",112.50712451366,0
1.35,0,"Raltegravir - Urine",112.50712451366,0
1.4,0,"Raltegravir - Urine",112.50712451366,0
1.45,0,"Raltegravir - Urine",112.50712451366,0
1.5,0,"Raltegravir - Urine",112.50712451366,0
1.55,0,"Raltegravir - Urine",112.50712451366,0
1.6,0,"Raltegravir - Urine",112.50712451366,0
1.65,0,"Raltegravir - Urine",112.50712451366,0
1.7,0,"Raltegravir - Urine",112.50712451366,0
1.75,0,"Raltegravir - Urine",112.50712451366,0
1.8,0,"Raltegravir - Urine",112.50712451366,0
1.85,0,"Raltegravir - Urine",112.50712451366,0
1.9,0,"Raltegravir - Urine",112.50712451366,0
1.95,0,"Raltegravir - Urine",112.50712451366,0
2,0,"Raltegravir - Urine",112.50712451366,0
2.25,0,"Raltegravir - Urine",112.50712451366,0
2.5,0,"Raltegravir - Urine",112.50712451366,0
2.75,0,"Raltegravir - Urine",112.50712451366,0
3,0,"Raltegravir - Urine",112.50712451366,0
3.25,0,"Raltegravir - Urine",112.50712451366,0
3.5,0,"Raltegravir - Urine",112.50712451366,0
3.75,0,"Raltegravir - Urine",112.50712451366,0
4,0,"Raltegravir - Urine",112.50712451366,0
4.25,0,"Raltegravir - Urine",112.50712451366,0
4.5,0,"Raltegravir - Urine",112.50712451366,0
4.75,0,"Raltegravir - Urine",112.50712451366,0
5,0,"Raltegravir - Urine",112.50712451366,0
5.25,0,"Raltegravir - Urine",112.50712451366,0
5.5,0,"Raltegravir - Urine",112.50712451366,0
5.75,0,"Raltegravir - Urine",112.50712451366,0
6,0,"Raltegravir - Urine",112.50712451366,0
6.25,0,"Raltegravir - Urine",112.50712451366,0
6.5,0,"Raltegravir - Urine",112.50712451366,0
6.75,0,"Raltegravir - Urine",112.50712451366,0
7,0,"Raltegravir - Urine",112.50712451366,0
7.25,0,"Raltegravir - Urine",112.50712451366,0
7.5,0,"Raltegravir - Urine",112.50712451366,0
7.75,0,"Raltegravir - Urine",112.50712451366,0
8,0,"Raltegravir - Urine",112.50712451366,0
8.25,0,"Raltegravir - Urine",112.50712451366,0
8.5,0,"Raltegravir - Urine",112.50712451366,0
8.75,0,"Raltegravir - Urine",112.50712451366,0
9,0,"Raltegravir - Urine",112.50712451366,0
9.25,0,"Raltegravir - Urine",112.50712451366,0
9.5,0,"Raltegravir - Urine",112.50712451366,0
9.75,0,"Raltegravir - Urine",112.50712451366,0
10,0,"Raltegravir - Urine",112.50712451366,0
10.25,0,"Raltegravir - Urine",112.50712451366,0
10.5,0,"Raltegravir - Urine",112.50712451366,0
10.75,0,"Raltegravir - Urine",112.50712451366,0
11,0,"Raltegravir - Urine",112.50712451366,0
11.25,0,"Raltegravir - Urine",112.50712451366,0
11.5,0,"Raltegravir - Urine",112.50712451366,0
11.75,0,"Raltegravir - Urine",112.50712451366,0
12,0,"Raltegravir - Urine",112.50712451366,0
12.25,0,"Raltegravir - Urine",112.50712451366,0
12.5,0,"Raltegravir - Urine",112.50712451366,0
12.75,0,"Raltegravir - Urine",112.50712451366,0
13,0,"Raltegravir - Urine",112.50712451366,0
13.25,0,"Raltegravir - Urine",112.50712451366,0
13.5,0,"Raltegravir - Urine",112.50712451366,0
13.75,0,"Raltegravir - Urine",112.50712451366,0
14,0,"Raltegravir - Urine",112.50712451366,0
14.25,0,"Raltegravir - Urine",112.50712451366,0
14.5,0,"Raltegravir - Urine",112.50712451366,0
14.75,0,"Raltegravir - Urine",112.50712451366,0
15,0,"Raltegravir - Urine",112.50712451366,0
15.25,0,"Raltegravir - Urine",112.50712451366,0
15.5,0,"Raltegravir - Urine",112.50712451366,0
15.75,0,"Raltegravir - Urine",112.50712451366,0
16,0,"Raltegravir - Urine",112.50712451366,0
16.25,0,"Raltegravir - Urine",112.50712451366,0
16.5,0,"Raltegravir - Urine",112.50712451366,0
16.75,0,"Raltegravir - Urine",112.50712451366,0
17,0,"Raltegravir - Urine",112.50712451366,0
17.25,0,"Raltegravir - Urine",112.50712451366,0
17.5,0,"Raltegravir - Urine",112.50712451366,0
17.75,0,"Raltegravir - Urine",112.50712451366,0
18,0,"Raltegravir - Urine",112.50712451366,0
18.25,0,"Raltegravir - Urine",112.50712451366,0
18.5,0,"Raltegravir - Urine",112.50712451366,0
18.75,0,"Raltegravir - Urine",112.50712451366,0
19,0,"Raltegravir - Urine",112.50712451366,0
19.25,0,"Raltegravir - Urine",112.50712451366,0
19.5,0,"Raltegravir - Urine",112.50712451366,0
19.75,0,"Raltegravir - Urine",112.50712451366,0
20,0,"Raltegravir - Urine",112.50712451366,0
20.25,0,"Raltegravir - Urine",112.50712451366,0
20.5,0,"Raltegravir - Urine",112.50712451366,0
20.75,0,"Raltegravir - Urine",112.50712451366,0
21,0,"Raltegravir - Urine",112.50712451366,0
21.25,0,"Raltegravir - Urine",112.50712451366,0
21.5,0,"Raltegravir - Urine",112.50712451366,0
21.75,0,"Raltegravir - Urine",112.50712451366,0
22,0,"Raltegravir - Urine",112.50712451366,0
22.25,0,"Raltegravir - Urine",112.50712451366,0
22.5,0,"Raltegravir - Urine",112.50712451366,0
22.75,0,"Raltegravir - Urine",112.50712451366,0
23,0,"Raltegravir - Urine",112.50712451366,0
23.25,0,"Raltegravir - Urine",112.50712451366,0
23.5,0,"Raltegravir - Urine",112.50712451366,0
23.75,0,"Raltegravir - Urine",112.50712451366,0
24,0,"Raltegravir - Urine",112.50712451366,0
24.25,0,"Raltegravir - Urine",112.50712451366,0
24.5,0,"Raltegravir - Urine",112.50712451366,0
24.75,0,"Raltegravir - Urine",112.50712451366,0
25,0,"Raltegravir - Urine",112.50712451366,0
25.25,0,"Raltegravir - Urine",112.50712451366,0
25.5,0,"Raltegravir - Urine",112.50712451366,0
25.75,0,"Raltegravir - Urine",112.50712451366,0
26,0,"Raltegravir - Urine",112.50712451366,0
26.25,0,"Raltegravir - Urine",112.50712451366,0
26.5,0,"Raltegravir - Urine",112.50712451366,0
26.75,0,"Raltegravir - Urine",112.50712451366,0
27,0,"Raltegravir - Urine",112.50712451366,0
27.25,0,"Raltegravir - Urine",112.50712451366,0
27.5,0,"Raltegravir - Urine",112.50712451366,0
27.75,0,"Raltegravir - Urine",112.50712451366,0
28,0,"Raltegravir - Urine",112.50712451366,0
28.25,0,"Raltegravir - Urine",112.50712451366,0
28.5,0,"Raltegravir - Urine",112.50712451366,0
28.75,0,"Raltegravir - Urine",112.50712451366,0
29,0,"Raltegravir - Urine",112.50712451366,0
29.25,0,"Raltegravir - Urine",112.50712451366,0
29.5,0,"Raltegravir - Urine",112.50712451366,0
29.75,0,"Raltegravir - Urine",112.50712451366,0
30,0,"Raltegravir - Urine",112.50712451366,0
30.25,0,"Raltegravir - Urine",112.50712451366,0
30.5,0,"Raltegravir - Urine",112.50712451366,0
30.75,0,"Raltegravir - Urine",112.50712451366,0
31,0,"Raltegravir - Urine",112.50712451366,0
31.25,0,"Raltegravir - Urine",112.50712451366,0
31.5,0,"Raltegravir - Urine",112.50712451366,0
31.75,0,"Raltegravir - Urine",112.50712451366,0
32,0,"Raltegravir - Urine",112.50712451366,0
0,0,"Raltegravir - Feces",112.50712451366,0
0.05,2.18800051015685e-22,"Raltegravir - Feces",112.50712451366,1.94476618224404e-24
0.1,5.88473244972781e-19,"Raltegravir - Feces",112.50712451366,5.23054204359594e-21
0.15,5.25282089022161e-17,"Raltegravir - Feces",112.50712451366,4.66887844918998e-19
0.2,1.17380375286579e-15,"Raltegravir - Feces",112.50712451366,1.04331504154946e-17
0.25,1.24200042950413e-14,"Raltegravir - Feces",112.50712451366,1.10393047095727e-16
0.3,8.22510462517023e-14,"Raltegravir - Feces",112.50712451366,7.31074112926208e-16
0.35,3.94628611472686e-13,"Raltegravir - Feces",112.50712451366,3.50758774769657e-15
0.4,1.49933418545217e-12,"Raltegravir - Feces",112.50712451366,1.33265710232434e-14
0.45,4.76434299997996e-12,"Raltegravir - Feces",112.50712451366,4.23470337596399e-14
0.5,1.31636255715217e-11,"Raltegravir - Feces",112.50712451366,1.17002595421621e-13
0.55,3.25110355303693e-11,"Raltegravir - Feces",112.50712451366,2.88968682391505e-13
0.6,7.32235660994007e-11,"Raltegravir - Feces",112.50712451366,6.50834926374022e-13
0.65,1.52688847676608e-10,"Raltegravir - Feces",112.50712451366,1.35714825471403e-12
0.7,2.98261582099002e-10,"Raltegravir - Feces",112.50712451366,2.65104617497169e-12
0.75,5.50878342941985e-10,"Raltegravir - Feces",112.50712451366,4.89638629840816e-12
0.8,9.69241353843131e-10,"Raltegravir - Feces",112.50712451366,8.6149331256391e-12
0.85,1.63448843348846e-09,"Raltegravir - Feces",112.50712451366,1.45278660400747e-11
0.9,2.65524158216124e-09,"Raltegravir - Feces",112.50712451366,2.36006527910049e-11
0.95,4.17290468845977e-09,"Raltegravir - Feces",112.50712451366,3.70901372379588e-11
1,6.3670761996093e-09,"Raltegravir - Feces",112.50712451366,5.65926489289685e-11
1.05,9.46098133169926e-09,"Raltegravir - Feces",112.50712451366,8.40922863560571e-11
1.1,1.3726752179366e-08,"Raltegravir - Feces",112.50712451366,1.22007848291416e-10
1.15,1.94904536954255e-08,"Raltegravir - Feces",112.50712451366,1.73237506332846e-10
1.2,2.71367834869807e-08,"Raltegravir - Feces",112.50712451366,2.41200578223701e-10
1.25,3.71133417331748e-08,"Raltegravir - Feces",112.50712451366,3.29875480273863e-10
1.3,4.99344459115036e-08,"Raltegravir - Feces",112.50712451366,4.43833633890812e-10
1.35,6.61844055116489e-08,"Raltegravir - Feces",112.50712451366,5.88268572303733e-10
1.4,8.65202309796587e-08,"Raltegravir - Feces",112.50712451366,7.69020018542506e-10
1.45,1.11673806202361e-07,"Raltegravir - Feces",112.50712451366,9.9259319518741e-10
1.5,1.42453501439377e-07,"Raltegravir - Feces",112.50712451366,1.26617316063465e-09
1.55,1.79745171635659e-07,"Raltegravir - Feces",112.50712451366,1.59763368242369e-09
1.6,2.24512646695985e-07,"Raltegravir - Feces",112.50712451366,1.99554159495673e-09
1.65,2.7779773859038e-07,"Raltegravir - Feces",112.50712451366,2.46915686265407e-09
1.7,3.40719651603649e-07,"Raltegravir - Feces",112.50712451366,3.02842733805966e-09
1.75,4.14474015997257e-07,"Raltegravir - Feces",112.50712451366,3.68398017271284e-09
1.8,5.00331623243255e-07,"Raltegravir - Feces",112.50712451366,4.44711057549523e-09
1.85,5.99636507558898e-07,"Raltegravir - Feces",112.50712451366,5.32976476068495e-09
1.9,7.13803729013307e-07,"Raltegravir - Feces",112.50712451366,6.34452024348593e-09
1.95,8.44317014525586e-07,"Raltegravir - Feces",112.50712451366,7.50456487245015e-09
2,9.92725745163625e-07,"Raltegravir - Feces",112.50712451366,8.82367005160722e-09
2.25,2.06164600058401e-06,"Raltegravir - Feces",112.50712451366,1.83245817497868e-08
2.5,3.84246368412278e-06,"Raltegravir - Feces",112.50712451366,3.41530698676443e-08
2.75,6.58212093185284e-06,"Raltegravir - Feces",112.50712451366,5.85040366137318e-08
3,1.05413182609482e-05,"Raltegravir - Feces",112.50712451366,9.36946731730604e-08
3.25,1.59831743076211e-05,"Raltegravir - Feces",112.50712451366,1.4206366376096e-07
3.5,2.31634276133263e-05,"Raltegravir - Feces",112.50712451366,2.05884095904647e-07
3.75,3.23227541230153e-05,"Raltegravir - Feces",112.50712451366,2.87295175863204e-07
4,4.36812260886654e-05,"Raltegravir - Feces",112.50712451366,3.88252977555763e-07
4.25,5.74349796806928e-05,"Raltegravir - Feces",112.50712451366,5.10500823205373e-07
4.5,7.37549635232426e-05,"Raltegravir - Feces",112.50712451366,6.55558159912689e-07
4.75,9.27872824831866e-05,"Raltegravir - Feces",112.50712451366,8.24723615364652e-07
5,0.000114654991193675,"Raltegravir - Feces",112.50712451366,1.01909093925651e-06
5.25,0.000139461088110693,"Raltegravir - Feces",112.50712451366,1.23957561544256e-06
5.5,0.000167292091646232,"Raltegravir - Feces",112.50712451366,1.48694664777358e-06
5.75,0.00019822214380838,"Raltegravir - Feces",112.50712451366,1.76186303458776e-06
6,0.000232317310292274,"Raltegravir - Feces",112.50712451366,2.06491198932088e-06
6.25,0.000269639887847006,"Raltegravir - Feces",112.50712451366,2.39664722578763e-06
6.5,0.000310252449708059,"Raltegravir - Feces",112.50712451366,2.75762491530384e-06
6.75,0.00035422170185484,"Raltegravir - Feces",112.50712451366,3.14843796236062e-06
7,0.00040162171353586,"Raltegravir - Feces",112.50712451366,3.56974471858534e-06
7.25,0.000452536711236462,"Raltegravir - Feces",112.50712451366,4.02229381643754e-06
7.5,0.000507063290569931,"Raltegravir - Feces",112.50712451366,4.50694382921827e-06
7.75,0.000565312104299664,"Raltegravir - Feces",112.50712451366,5.02467827476142e-06
8,0.000627408851869404,"Raltegravir - Feces",112.50712451366,5.57661441070097e-06
8.25,0.00069349497789517,"Raltegravir - Feces",112.50712451366,6.16400944289507e-06
8.5,0.000763727468438447,"Raltegravir - Feces",112.50712451366,6.78825871463562e-06
8.75,0.000838278618175536,"Raltegravir - Feces",112.50712451366,7.45089363717369e-06
9,0.00091733509907499,"Raltegravir - Feces",112.50712451366,8.15357341182081e-06
9.25,0.00100109679624438,"Raltegravir - Feces",112.50712451366,8.89807468257565e-06
9.5,0.00108977511990815,"Raltegravir - Feces",112.50712451366,9.68627653243276e-06
9.75,0.00118359143380076,"Raltegravir - Feces",112.50712451366,1.05201465144285e-05
10,0.00128277507610619,"Raltegravir - Feces",112.50712451366,1.14017230611066e-05
10.25,0.00138756155502051,"Raltegravir - Feces",112.50712451366,1.23330994460892e-05
10.5,0.00149818975478411,"Raltegravir - Feces",112.50712451366,1.33163989503812e-05
10.75,0.00161490065511316,"Raltegravir - Feces",112.50712451366,1.43537634802593e-05
11,0.0017379344208166,"Raltegravir - Feces",112.50712451366,1.54473276988391e-05
11.25,0.0018675287719816,"Raltegravir - Feces",112.50712451366,1.65992045397521e-05
11.5,0.00200391677208245,"Raltegravir - Feces",112.50712451366,1.78114655471365e-05
11.75,0.00214732484892011,"Raltegravir - Feces",112.50712451366,1.90861232851027e-05
12,0.00229797139763832,"Raltegravir - Feces",112.50712451366,2.0425118920885e-05
12.25,0.00245606456883252,"Raltegravir - Feces",112.50712451366,2.18303025648328e-05
12.5,0.00262180110439658,"Raltegravir - Feces",112.50712451366,2.33034229230368e-05
12.75,0.002795364940539,"Raltegravir - Feces",112.50712451366,2.48461148804813e-05
13,0.00297692604362965,"Raltegravir - Feces",112.50712451366,2.64598891536705e-05
13.25,0.00316663971170783,"Raltegravir - Feces",112.50712451366,2.81461260822052e-05
13.5,0.00336464471183717,"Raltegravir - Feces",112.50712451366,2.99060590729848e-05
13.75,0.00357106397859752,"Raltegravir - Feces",112.50712451366,3.17407808086318e-05
14,0.00378600298427045,"Raltegravir - Feces",112.50712451366,3.36512287611687e-05
14.25,0.0040095504373312,"Raltegravir - Feces",112.50712451366,3.56381914004423e-05
14.5,0.00424177711829543,"Raltegravir - Feces",112.50712451366,3.77022978467504e-05
14.75,0.00448273541405797,"Raltegravir - Feces",112.50712451366,3.98440137318922e-05
15,0.00473246118053794,"Raltegravir - Feces",112.50712451366,4.20636577549661e-05
15.25,0.00499097257852554,"Raltegravir - Feces",112.50712451366,4.43613913349956e-05
15.5,0.00525826960802078,"Raltegravir - Feces",112.50712451366,4.67372144719809e-05
15.75,0.00553433690220118,"Raltegravir - Feces",112.50712451366,4.91909905805942e-05
16,0.00581914046779275,"Raltegravir - Feces",112.50712451366,5.17224175175345e-05
16.25,0.0061126328073442,"Raltegravir - Feces",112.50712451366,5.43310731099704e-05
16.5,0.0064147487282753,"Raltegravir - Feces",112.50712451366,5.70163779049963e-05
16.75,0.0067254095338285,"Raltegravir - Feces",112.50712451366,5.97776324201757e-05
17,0.00704452162608504,"Raltegravir - Feces",112.50712451366,6.2614004726694e-05
17.25,0.00737197836861014,"Raltegravir - Feces",112.50712451366,6.55245470051551e-05
17.5,0.00770765962079167,"Raltegravir - Feces",112.50712451366,6.85081914066328e-05
17.75,0.0080514345318079,"Raltegravir - Feces",112.50712451366,7.1563774886366e-05
18,0.00840315874665976,"Raltegravir - Feces",112.50712451366,7.46900143700633e-05
18.25,0.00876267906278372,"Raltegravir - Feces",112.50712451366,7.78855481433962e-05
18.5,0.00912983249872923,"Raltegravir - Feces",112.50712451366,8.11489275741e-05
18.75,0.00950444396585226,"Raltegravir - Feces",112.50712451366,8.44785964172278e-05
19,0.00988633465021849,"Raltegravir - Feces",112.50712451366,8.78729653162379e-05
19.25,0.0102753145620227,"Raltegravir - Feces",112.50712451366,9.13303455798049e-05
19.5,0.0106711881235242,"Raltegravir - Feces",112.50712451366,9.48489988492113e-05
19.75,0.0110737523064017,"Raltegravir - Feces",112.50712451366,9.84271205425505e-05
20,0.0114828003570437,"Raltegravir - Feces",112.50712451366,0.000102062872966321
20.25,0.0118981190025806,"Raltegravir - Feces",112.50712451366,0.000105754360481732
20.5,0.0123194912448525,"Raltegravir - Feces",112.50712451366,0.000109499654338395
20.75,0.0127466963604093,"Raltegravir - Feces",112.50712451366,0.000113296792674331
21,0.0131795108318329,"Raltegravir - Feces",112.50712451366,0.000117143788793862
21.25,0.0136177083477378,"Raltegravir - Feces",112.50712451366,0.000121038631167615
21.5,0.0140610598027706,"Raltegravir - Feces",112.50712451366,0.000124979283432521
21.75,0.0145093351602554,"Raltegravir - Feces",112.50712451366,0.000128963700947613
22,0.0149623034521937,"Raltegravir - Feces",112.50712451366,0.000132989830794023
22.25,0.015419733710587,"Raltegravir - Feces",112.50712451366,0.000137055620052887
22.5,0.0158813931047916,"Raltegravir - Feces",112.50712451366,0.00014115899924954
22.75,0.0163470506668091,"Raltegravir - Feces",112.50712451366,0.000145297915465116
23,0.0168164744973183,"Raltegravir - Feces",112.50712451366,0.000149470307502851
23.25,0.017289437353611,"Raltegravir - Feces",112.50712451366,0.000153674155555472
23.5,0.0177657064050436,"Raltegravir - Feces",112.50712451366,0.000157907390148316
23.75,0.0182450581341982,"Raltegravir - Feces",112.50712451366,0.000162168024585705
24,0.0187272652983665,"Raltegravir - Feces",112.50712451366,0.000166454039060369
24.25,0.0192121062427759,"Raltegravir - Feces",112.50712451366,0.000170763463432427
24.5,0.0196993574500084,"Raltegravir - Feces",112.50712451366,0.000175094311006203
24.75,0.0201888047158718,"Raltegravir - Feces",112.50712451366,0.000179444677865006
25,0.0206802319735289,"Raltegravir - Feces",112.50712451366,0.000183812643536348
25.25,0.0211734268814325,"Raltegravir - Feces",112.50712451366,0.000188196320659336
25.5,0.021668178960681,"Raltegravir - Feces",112.50712451366,0.000192593838428874
25.75,0.0221642851829529,"Raltegravir - Feces",112.50712451366,0.000197003392263055
26,0.022661542519927,"Raltegravir - Feces",112.50712451366,0.000201423177579973
26.25,0.0231597535312176,"Raltegravir - Feces",112.50712451366,0.000205851439465113
26.5,0.0236587226390839,"Raltegravir - Feces",112.50712451366,0.000210286439559758
26.75,0.0241582617163658,"Raltegravir - Feces",112.50712451366,0.000214726505728379
27,0.0246581807732582,"Raltegravir - Feces",112.50712451366,0.000219169949279651
27.25,0.0251582991331816,"Raltegravir - Feces",112.50712451366,0.000223615164301235
27.5,0.0256584398448467,"Raltegravir - Feces",112.50712451366,0.000228060577992387
27.75,0.0261584259569645,"Raltegravir - Feces",112.50712451366,0.000232504617552362
28,0.0266580898314714,"Raltegravir - Feces",112.50712451366,0.000236945792959403
28.25,0.0271572638303041,"Raltegravir - Feces",112.50712451366,0.000241382614191752
28.5,0.0276557896286249,"Raltegravir - Feces",112.50712451366,0.000245813674006637
28.75,0.0281535070389509,"Raltegravir - Feces",112.50712451366,0.00025023754860549
29,0.0286502633243799,"Raltegravir - Feces",112.50712451366,0.000254652880412932
29.25,0.0291459131985903,"Raltegravir - Feces",112.50712451366,0.000259058378076773
29.5,0.0296403095126152,"Raltegravir - Feces",112.50712451366,0.000263452733689025
29.75,0.0301333125680685,"Raltegravir - Feces",112.50712451366,0.00026783470556489
30,0.0306247901171446,"Raltegravir - Feces",112.50712451366,0.000272203118242759
30.25,0.0311146080493927,"Raltegravir - Feces",112.50712451366,0.000276556779705226
30.5,0.031602643430233,"Raltegravir - Feces",112.50712451366,0.000280894597269669
30.75,0.0320887677371502,"Raltegravir - Feces",112.50712451366,0.000285215428586073
31,0.032572865486145,"Raltegravir - Feces",112.50712451366,0.000289518247195005
31.25,0.0330548249185085,"Raltegravir - Feces",112.50712451366,0.000293802059748627
31.5,0.0335345305502415,"Raltegravir - Feces",112.50712451366,0.000298065839787506
31.75,0.0340118855237961,"Raltegravir - Feces",112.50712451366,0.00030230872641018
32,0.0344867780804634,"Raltegravir - Feces",112.50712451366,0.000306529726268813
